[0.066s] DEBUG:colcon:Command line arguments: ['/usr/bin/colcon', 'build', '--packages-select', 'dexslide_slam_publisher']
[0.066s] DEBUG:colcon:Parsed command line arguments: Namespace(log_base=None, log_level=None, verb_name='build', build_base='build', install_base='install', merge_install=False, symlink_install=False, test_result_base=None, continue_on_error=False, executor='parallel', parallel_workers=16, event_handlers=None, ignore_user_meta=False, metas=['./colcon.meta'], base_paths=['.'], packages_ignore=None, packages_ignore_regex=None, paths=None, packages_up_to=None, packages_up_to_regex=None, packages_above=None, packages_above_and_dependencies=None, packages_above_depth=None, packages_select_by_dep=None, packages_skip_by_dep=None, packages_skip_up_to=None, packages_select_build_failed=False, packages_skip_build_finished=False, packages_select_test_failures=False, packages_skip_test_passed=False, packages_select=['dexslide_slam_publisher'], packages_skip=None, packages_select_regex=None, packages_skip_regex=None, packages_start=None, packages_end=None, allow_overriding=[], cmake_args=None, cmake_target=None, cmake_target_skip_unavailable=False, cmake_clean_cache=False, cmake_clean_first=False, cmake_force_configure=False, ament_cmake_args=None, catkin_cmake_args=None, catkin_skip_building_tests=False, verb_parser=<colcon_defaults.argument_parser.defaults.DefaultArgumentsDecorator object at 0x769db902ca70>, verb_extension=<colcon_core.verb.build.BuildVerb object at 0x769db902c860>, main=<bound method BuildVerb.main of <colcon_core.verb.build.BuildVerb object at 0x769db902c860>>)
[0.092s] Level 1:colcon.colcon_core.package_discovery:discover_packages(colcon_meta) check parameters
[0.092s] Level 1:colcon.colcon_core.package_discovery:discover_packages(recursive) check parameters
[0.092s] Level 1:colcon.colcon_core.package_discovery:discover_packages(ignore) check parameters
[0.092s] Level 1:colcon.colcon_core.package_discovery:discover_packages(path) check parameters
[0.092s] Level 1:colcon.colcon_core.package_discovery:discover_packages(colcon_meta) discover
[0.092s] Level 1:colcon.colcon_core.package_discovery:discover_packages(recursive) discover
[0.092s] INFO:colcon.colcon_core.package_discovery:Crawling recursively for packages in '/home/jzq/MyJob/DexSlide'
[0.092s] Level 1:colcon.colcon_core.package_identification:_identify(.) by extensions ['ignore', 'ignore_ament_install']
[0.092s] Level 1:colcon.colcon_core.package_identification:_identify(.) by extension 'ignore'
[0.092s] Level 1:colcon.colcon_core.package_identification:_identify(.) by extension 'ignore_ament_install'
[0.092s] Level 1:colcon.colcon_core.package_identification:_identify(.) by extensions ['colcon_pkg']
[0.092s] Level 1:colcon.colcon_core.package_identification:_identify(.) by extension 'colcon_pkg'
[0.092s] Level 1:colcon.colcon_core.package_identification:_identify(.) by extensions ['colcon_meta']
[0.092s] Level 1:colcon.colcon_core.package_identification:_identify(.) by extension 'colcon_meta'
[0.092s] Level 1:colcon.colcon_core.package_identification:_identify(.) by extensions ['ros']
[0.092s] Level 1:colcon.colcon_core.package_identification:_identify(.) by extension 'ros'
[0.110s] Level 1:colcon.colcon_core.package_identification:_identify(.) by extensions ['cmake', 'python']
[0.110s] Level 1:colcon.colcon_core.package_identification:_identify(.) by extension 'cmake'
[0.110s] Level 1:colcon.colcon_core.package_identification:_identify(.) by extension 'python'
[0.110s] Level 1:colcon.colcon_core.package_identification:_identify(.) by extensions ['python_setup_py']
[0.110s] Level 1:colcon.colcon_core.package_identification:_identify(.) by extension 'python_setup_py'
[0.110s] Level 1:colcon.colcon_core.package_identification:_identify(assets) by extensions ['ignore', 'ignore_ament_install']
[0.110s] Level 1:colcon.colcon_core.package_identification:_identify(assets) by extension 'ignore'
[0.110s] Level 1:colcon.colcon_core.package_identification:_identify(assets) by extension 'ignore_ament_install'
[0.110s] Level 1:colcon.colcon_core.package_identification:_identify(assets) by extensions ['colcon_pkg']
[0.110s] Level 1:colcon.colcon_core.package_identification:_identify(assets) by extension 'colcon_pkg'
[0.110s] Level 1:colcon.colcon_core.package_identification:_identify(assets) by extensions ['colcon_meta']
[0.110s] Level 1:colcon.colcon_core.package_identification:_identify(assets) by extension 'colcon_meta'
[0.110s] Level 1:colcon.colcon_core.package_identification:_identify(assets) by extensions ['ros']
[0.110s] Level 1:colcon.colcon_core.package_identification:_identify(assets) by extension 'ros'
[0.110s] Level 1:colcon.colcon_core.package_identification:_identify(assets) by extensions ['cmake', 'python']
[0.110s] Level 1:colcon.colcon_core.package_identification:_identify(assets) by extension 'cmake'
[0.110s] Level 1:colcon.colcon_core.package_identification:_identify(assets) by extension 'python'
[0.110s] Level 1:colcon.colcon_core.package_identification:_identify(assets) by extensions ['python_setup_py']
[0.110s] Level 1:colcon.colcon_core.package_identification:_identify(assets) by extension 'python_setup_py'
[0.111s] Level 1:colcon.colcon_core.package_identification:_identify(assets/calibration) by extensions ['ignore', 'ignore_ament_install']
[0.111s] Level 1:colcon.colcon_core.package_identification:_identify(assets/calibration) by extension 'ignore'
[0.111s] Level 1:colcon.colcon_core.package_identification:_identify(assets/calibration) by extension 'ignore_ament_install'
[0.111s] Level 1:colcon.colcon_core.package_identification:_identify(assets/calibration) by extensions ['colcon_pkg']
[0.111s] Level 1:colcon.colcon_core.package_identification:_identify(assets/calibration) by extension 'colcon_pkg'
[0.111s] Level 1:colcon.colcon_core.package_identification:_identify(assets/calibration) by extensions ['colcon_meta']
[0.111s] Level 1:colcon.colcon_core.package_identification:_identify(assets/calibration) by extension 'colcon_meta'
[0.111s] Level 1:colcon.colcon_core.package_identification:_identify(assets/calibration) by extensions ['ros']
[0.111s] Level 1:colcon.colcon_core.package_identification:_identify(assets/calibration) by extension 'ros'
[0.111s] Level 1:colcon.colcon_core.package_identification:_identify(assets/calibration) by extensions ['cmake', 'python']
[0.111s] Level 1:colcon.colcon_core.package_identification:_identify(assets/calibration) by extension 'cmake'
[0.111s] Level 1:colcon.colcon_core.package_identification:_identify(assets/calibration) by extension 'python'
[0.111s] Level 1:colcon.colcon_core.package_identification:_identify(assets/calibration) by extensions ['python_setup_py']
[0.111s] Level 1:colcon.colcon_core.package_identification:_identify(assets/calibration) by extension 'python_setup_py'
[0.111s] Level 1:colcon.colcon_core.package_identification:_identify(assets/mano) by extensions ['ignore', 'ignore_ament_install']
[0.111s] Level 1:colcon.colcon_core.package_identification:_identify(assets/mano) by extension 'ignore'
[0.111s] Level 1:colcon.colcon_core.package_identification:_identify(assets/mano) by extension 'ignore_ament_install'
[0.111s] Level 1:colcon.colcon_core.package_identification:_identify(assets/mano) by extensions ['colcon_pkg']
[0.111s] Level 1:colcon.colcon_core.package_identification:_identify(assets/mano) by extension 'colcon_pkg'
[0.111s] Level 1:colcon.colcon_core.package_identification:_identify(assets/mano) by extensions ['colcon_meta']
[0.111s] Level 1:colcon.colcon_core.package_identification:_identify(assets/mano) by extension 'colcon_meta'
[0.111s] Level 1:colcon.colcon_core.package_identification:_identify(assets/mano) by extensions ['ros']
[0.111s] Level 1:colcon.colcon_core.package_identification:_identify(assets/mano) by extension 'ros'
[0.111s] Level 1:colcon.colcon_core.package_identification:_identify(assets/mano) by extensions ['cmake', 'python']
[0.111s] Level 1:colcon.colcon_core.package_identification:_identify(assets/mano) by extension 'cmake'
[0.111s] Level 1:colcon.colcon_core.package_identification:_identify(assets/mano) by extension 'python'
[0.111s] Level 1:colcon.colcon_core.package_identification:_identify(assets/mano) by extensions ['python_setup_py']
[0.111s] Level 1:colcon.colcon_core.package_identification:_identify(assets/mano) by extension 'python_setup_py'
[0.111s] Level 1:colcon.colcon_core.package_identification:_identify(assets/mano/models) by extensions ['ignore', 'ignore_ament_install']
[0.111s] Level 1:colcon.colcon_core.package_identification:_identify(assets/mano/models) by extension 'ignore'
[0.111s] Level 1:colcon.colcon_core.package_identification:_identify(assets/mano/models) by extension 'ignore_ament_install'
[0.111s] Level 1:colcon.colcon_core.package_identification:_identify(assets/mano/models) by extensions ['colcon_pkg']
[0.111s] Level 1:colcon.colcon_core.package_identification:_identify(assets/mano/models) by extension 'colcon_pkg'
[0.111s] Level 1:colcon.colcon_core.package_identification:_identify(assets/mano/models) by extensions ['colcon_meta']
[0.111s] Level 1:colcon.colcon_core.package_identification:_identify(assets/mano/models) by extension 'colcon_meta'
[0.111s] Level 1:colcon.colcon_core.package_identification:_identify(assets/mano/models) by extensions ['ros']
[0.111s] Level 1:colcon.colcon_core.package_identification:_identify(assets/mano/models) by extension 'ros'
[0.111s] Level 1:colcon.colcon_core.package_identification:_identify(assets/mano/models) by extensions ['cmake', 'python']
[0.112s] Level 1:colcon.colcon_core.package_identification:_identify(assets/mano/models) by extension 'cmake'
[0.112s] Level 1:colcon.colcon_core.package_identification:_identify(assets/mano/models) by extension 'python'
[0.112s] Level 1:colcon.colcon_core.package_identification:_identify(assets/mano/models) by extensions ['python_setup_py']
[0.112s] Level 1:colcon.colcon_core.package_identification:_identify(assets/mano/models) by extension 'python_setup_py'
[0.112s] Level 1:colcon.colcon_core.package_identification:_identify(assets/photos) by extensions ['ignore', 'ignore_ament_install']
[0.112s] Level 1:colcon.colcon_core.package_identification:_identify(assets/photos) by extension 'ignore'
[0.112s] Level 1:colcon.colcon_core.package_identification:_identify(assets/photos) by extension 'ignore_ament_install'
[0.112s] Level 1:colcon.colcon_core.package_identification:_identify(assets/photos) by extensions ['colcon_pkg']
[0.112s] Level 1:colcon.colcon_core.package_identification:_identify(assets/photos) by extension 'colcon_pkg'
[0.112s] Level 1:colcon.colcon_core.package_identification:_identify(assets/photos) by extensions ['colcon_meta']
[0.112s] Level 1:colcon.colcon_core.package_identification:_identify(assets/photos) by extension 'colcon_meta'
[0.112s] Level 1:colcon.colcon_core.package_identification:_identify(assets/photos) by extensions ['ros']
[0.112s] Level 1:colcon.colcon_core.package_identification:_identify(assets/photos) by extension 'ros'
[0.112s] Level 1:colcon.colcon_core.package_identification:_identify(assets/photos) by extensions ['cmake', 'python']
[0.112s] Level 1:colcon.colcon_core.package_identification:_identify(assets/photos) by extension 'cmake'
[0.112s] Level 1:colcon.colcon_core.package_identification:_identify(assets/photos) by extension 'python'
[0.112s] Level 1:colcon.colcon_core.package_identification:_identify(assets/photos) by extensions ['python_setup_py']
[0.112s] Level 1:colcon.colcon_core.package_identification:_identify(assets/photos) by extension 'python_setup_py'
[0.112s] Level 1:colcon.colcon_core.package_identification:_identify(assets/photos/20260330) by extensions ['ignore', 'ignore_ament_install']
[0.112s] Level 1:colcon.colcon_core.package_identification:_identify(assets/photos/20260330) by extension 'ignore'
[0.112s] Level 1:colcon.colcon_core.package_identification:_identify(assets/photos/20260330) by extension 'ignore_ament_install'
[0.112s] Level 1:colcon.colcon_core.package_identification:_identify(assets/photos/20260330) by extensions ['colcon_pkg']
[0.112s] Level 1:colcon.colcon_core.package_identification:_identify(assets/photos/20260330) by extension 'colcon_pkg'
[0.112s] Level 1:colcon.colcon_core.package_identification:_identify(assets/photos/20260330) by extensions ['colcon_meta']
[0.112s] Level 1:colcon.colcon_core.package_identification:_identify(assets/photos/20260330) by extension 'colcon_meta'
[0.112s] Level 1:colcon.colcon_core.package_identification:_identify(assets/photos/20260330) by extensions ['ros']
[0.112s] Level 1:colcon.colcon_core.package_identification:_identify(assets/photos/20260330) by extension 'ros'
[0.112s] Level 1:colcon.colcon_core.package_identification:_identify(assets/photos/20260330) by extensions ['cmake', 'python']
[0.112s] Level 1:colcon.colcon_core.package_identification:_identify(assets/photos/20260330) by extension 'cmake'
[0.112s] Level 1:colcon.colcon_core.package_identification:_identify(assets/photos/20260330) by extension 'python'
[0.112s] Level 1:colcon.colcon_core.package_identification:_identify(assets/photos/20260330) by extensions ['python_setup_py']
[0.112s] Level 1:colcon.colcon_core.package_identification:_identify(assets/photos/20260330) by extension 'python_setup_py'
[0.112s] Level 1:colcon.colcon_core.package_identification:_identify(assets/photos/defect) by extensions ['ignore', 'ignore_ament_install']
[0.112s] Level 1:colcon.colcon_core.package_identification:_identify(assets/photos/defect) by extension 'ignore'
[0.112s] Level 1:colcon.colcon_core.package_identification:_identify(assets/photos/defect) by extension 'ignore_ament_install'
[0.112s] Level 1:colcon.colcon_core.package_identification:_identify(assets/photos/defect) by extensions ['colcon_pkg']
[0.112s] Level 1:colcon.colcon_core.package_identification:_identify(assets/photos/defect) by extension 'colcon_pkg'
[0.112s] Level 1:colcon.colcon_core.package_identification:_identify(assets/photos/defect) by extensions ['colcon_meta']
[0.112s] Level 1:colcon.colcon_core.package_identification:_identify(assets/photos/defect) by extension 'colcon_meta'
[0.113s] Level 1:colcon.colcon_core.package_identification:_identify(assets/photos/defect) by extensions ['ros']
[0.113s] Level 1:colcon.colcon_core.package_identification:_identify(assets/photos/defect) by extension 'ros'
[0.113s] Level 1:colcon.colcon_core.package_identification:_identify(assets/photos/defect) by extensions ['cmake', 'python']
[0.113s] Level 1:colcon.colcon_core.package_identification:_identify(assets/photos/defect) by extension 'cmake'
[0.113s] Level 1:colcon.colcon_core.package_identification:_identify(assets/photos/defect) by extension 'python'
[0.113s] Level 1:colcon.colcon_core.package_identification:_identify(assets/photos/defect) by extensions ['python_setup_py']
[0.113s] Level 1:colcon.colcon_core.package_identification:_identify(assets/photos/defect) by extension 'python_setup_py'
[0.113s] Level 1:colcon.colcon_core.package_identification:_identify(assets/photos/jzq_right_han_2) by extensions ['ignore', 'ignore_ament_install']
[0.113s] Level 1:colcon.colcon_core.package_identification:_identify(assets/photos/jzq_right_han_2) by extension 'ignore'
[0.113s] Level 1:colcon.colcon_core.package_identification:_identify(assets/photos/jzq_right_han_2) by extension 'ignore_ament_install'
[0.113s] Level 1:colcon.colcon_core.package_identification:_identify(assets/photos/jzq_right_han_2) by extensions ['colcon_pkg']
[0.113s] Level 1:colcon.colcon_core.package_identification:_identify(assets/photos/jzq_right_han_2) by extension 'colcon_pkg'
[0.113s] Level 1:colcon.colcon_core.package_identification:_identify(assets/photos/jzq_right_han_2) by extensions ['colcon_meta']
[0.113s] Level 1:colcon.colcon_core.package_identification:_identify(assets/photos/jzq_right_han_2) by extension 'colcon_meta'
[0.113s] Level 1:colcon.colcon_core.package_identification:_identify(assets/photos/jzq_right_han_2) by extensions ['ros']
[0.113s] Level 1:colcon.colcon_core.package_identification:_identify(assets/photos/jzq_right_han_2) by extension 'ros'
[0.113s] Level 1:colcon.colcon_core.package_identification:_identify(assets/photos/jzq_right_han_2) by extensions ['cmake', 'python']
[0.113s] Level 1:colcon.colcon_core.package_identification:_identify(assets/photos/jzq_right_han_2) by extension 'cmake'
[0.113s] Level 1:colcon.colcon_core.package_identification:_identify(assets/photos/jzq_right_han_2) by extension 'python'
[0.113s] Level 1:colcon.colcon_core.package_identification:_identify(assets/photos/jzq_right_han_2) by extensions ['python_setup_py']
[0.113s] Level 1:colcon.colcon_core.package_identification:_identify(assets/photos/jzq_right_han_2) by extension 'python_setup_py'
[0.113s] Level 1:colcon.colcon_core.package_identification:_identify(assets/photos/jzq_right_hand_1) by extensions ['ignore', 'ignore_ament_install']
[0.113s] Level 1:colcon.colcon_core.package_identification:_identify(assets/photos/jzq_right_hand_1) by extension 'ignore'
[0.113s] Level 1:colcon.colcon_core.package_identification:_identify(assets/photos/jzq_right_hand_1) by extension 'ignore_ament_install'
[0.113s] Level 1:colcon.colcon_core.package_identification:_identify(assets/photos/jzq_right_hand_1) by extensions ['colcon_pkg']
[0.113s] Level 1:colcon.colcon_core.package_identification:_identify(assets/photos/jzq_right_hand_1) by extension 'colcon_pkg'
[0.113s] Level 1:colcon.colcon_core.package_identification:_identify(assets/photos/jzq_right_hand_1) by extensions ['colcon_meta']
[0.113s] Level 1:colcon.colcon_core.package_identification:_identify(assets/photos/jzq_right_hand_1) by extension 'colcon_meta'
[0.113s] Level 1:colcon.colcon_core.package_identification:_identify(assets/photos/jzq_right_hand_1) by extensions ['ros']
[0.113s] Level 1:colcon.colcon_core.package_identification:_identify(assets/photos/jzq_right_hand_1) by extension 'ros'
[0.113s] Level 1:colcon.colcon_core.package_identification:_identify(assets/photos/jzq_right_hand_1) by extensions ['cmake', 'python']
[0.113s] Level 1:colcon.colcon_core.package_identification:_identify(assets/photos/jzq_right_hand_1) by extension 'cmake'
[0.113s] Level 1:colcon.colcon_core.package_identification:_identify(assets/photos/jzq_right_hand_1) by extension 'python'
[0.113s] Level 1:colcon.colcon_core.package_identification:_identify(assets/photos/jzq_right_hand_1) by extensions ['python_setup_py']
[0.113s] Level 1:colcon.colcon_core.package_identification:_identify(assets/photos/jzq_right_hand_1) by extension 'python_setup_py'
[0.113s] Level 1:colcon.colcon_core.package_identification:_identify(assets/photos/新建文件夹) by extensions ['ignore', 'ignore_ament_install']
[0.113s] Level 1:colcon.colcon_core.package_identification:_identify(assets/photos/新建文件夹) by extension 'ignore'
[0.113s] Level 1:colcon.colcon_core.package_identification:_identify(assets/photos/新建文件夹) by extension 'ignore_ament_install'
[0.114s] Level 1:colcon.colcon_core.package_identification:_identify(assets/photos/新建文件夹) by extensions ['colcon_pkg']
[0.114s] Level 1:colcon.colcon_core.package_identification:_identify(assets/photos/新建文件夹) by extension 'colcon_pkg'
[0.114s] Level 1:colcon.colcon_core.package_identification:_identify(assets/photos/新建文件夹) by extensions ['colcon_meta']
[0.114s] Level 1:colcon.colcon_core.package_identification:_identify(assets/photos/新建文件夹) by extension 'colcon_meta'
[0.114s] Level 1:colcon.colcon_core.package_identification:_identify(assets/photos/新建文件夹) by extensions ['ros']
[0.114s] Level 1:colcon.colcon_core.package_identification:_identify(assets/photos/新建文件夹) by extension 'ros'
[0.114s] Level 1:colcon.colcon_core.package_identification:_identify(assets/photos/新建文件夹) by extensions ['cmake', 'python']
[0.114s] Level 1:colcon.colcon_core.package_identification:_identify(assets/photos/新建文件夹) by extension 'cmake'
[0.114s] Level 1:colcon.colcon_core.package_identification:_identify(assets/photos/新建文件夹) by extension 'python'
[0.114s] Level 1:colcon.colcon_core.package_identification:_identify(assets/photos/新建文件夹) by extensions ['python_setup_py']
[0.114s] Level 1:colcon.colcon_core.package_identification:_identify(assets/photos/新建文件夹) by extension 'python_setup_py'
[0.114s] Level 1:colcon.colcon_core.package_identification:_identify(assets/skeletons) by extensions ['ignore', 'ignore_ament_install']
[0.114s] Level 1:colcon.colcon_core.package_identification:_identify(assets/skeletons) by extension 'ignore'
[0.114s] Level 1:colcon.colcon_core.package_identification:_identify(assets/skeletons) by extension 'ignore_ament_install'
[0.114s] Level 1:colcon.colcon_core.package_identification:_identify(assets/skeletons) by extensions ['colcon_pkg']
[0.114s] Level 1:colcon.colcon_core.package_identification:_identify(assets/skeletons) by extension 'colcon_pkg'
[0.114s] Level 1:colcon.colcon_core.package_identification:_identify(assets/skeletons) by extensions ['colcon_meta']
[0.114s] Level 1:colcon.colcon_core.package_identification:_identify(assets/skeletons) by extension 'colcon_meta'
[0.114s] Level 1:colcon.colcon_core.package_identification:_identify(assets/skeletons) by extensions ['ros']
[0.114s] Level 1:colcon.colcon_core.package_identification:_identify(assets/skeletons) by extension 'ros'
[0.114s] Level 1:colcon.colcon_core.package_identification:_identify(assets/skeletons) by extensions ['cmake', 'python']
[0.114s] Level 1:colcon.colcon_core.package_identification:_identify(assets/skeletons) by extension 'cmake'
[0.114s] Level 1:colcon.colcon_core.package_identification:_identify(assets/skeletons) by extension 'python'
[0.114s] Level 1:colcon.colcon_core.package_identification:_identify(assets/skeletons) by extensions ['python_setup_py']
[0.114s] Level 1:colcon.colcon_core.package_identification:_identify(assets/skeletons) by extension 'python_setup_py'
[0.114s] Level 1:colcon.colcon_core.package_identification:_identify(build) by extensions ['ignore', 'ignore_ament_install']
[0.114s] Level 1:colcon.colcon_core.package_identification:_identify(build) by extension 'ignore'
[0.114s] Level 1:colcon.colcon_core.package_identification:_identify(build) ignored
[0.114s] Level 1:colcon.colcon_core.package_identification:_identify(dexslide) by extensions ['ignore', 'ignore_ament_install']
[0.114s] Level 1:colcon.colcon_core.package_identification:_identify(dexslide) by extension 'ignore'
[0.114s] Level 1:colcon.colcon_core.package_identification:_identify(dexslide) by extension 'ignore_ament_install'
[0.114s] Level 1:colcon.colcon_core.package_identification:_identify(dexslide) by extensions ['colcon_pkg']
[0.114s] Level 1:colcon.colcon_core.package_identification:_identify(dexslide) by extension 'colcon_pkg'
[0.114s] Level 1:colcon.colcon_core.package_identification:_identify(dexslide) by extensions ['colcon_meta']
[0.114s] Level 1:colcon.colcon_core.package_identification:_identify(dexslide) by extension 'colcon_meta'
[0.114s] Level 1:colcon.colcon_core.package_identification:_identify(dexslide) by extensions ['ros']
[0.114s] Level 1:colcon.colcon_core.package_identification:_identify(dexslide) by extension 'ros'
[0.114s] Level 1:colcon.colcon_core.package_identification:_identify(dexslide) by extensions ['cmake', 'python']
[0.114s] Level 1:colcon.colcon_core.package_identification:_identify(dexslide) by extension 'cmake'
[0.115s] Level 1:colcon.colcon_core.package_identification:_identify(dexslide) by extension 'python'
[0.115s] Level 1:colcon.colcon_core.package_identification:_identify(dexslide) by extensions ['python_setup_py']
[0.115s] Level 1:colcon.colcon_core.package_identification:_identify(dexslide) by extension 'python_setup_py'
[0.115s] Level 1:colcon.colcon_core.package_identification:_identify(dexslide/__pycache__) by extensions ['ignore', 'ignore_ament_install']
[0.115s] Level 1:colcon.colcon_core.package_identification:_identify(dexslide/__pycache__) by extension 'ignore'
[0.115s] Level 1:colcon.colcon_core.package_identification:_identify(dexslide/__pycache__) by extension 'ignore_ament_install'
[0.115s] Level 1:colcon.colcon_core.package_identification:_identify(dexslide/__pycache__) by extensions ['colcon_pkg']
[0.115s] Level 1:colcon.colcon_core.package_identification:_identify(dexslide/__pycache__) by extension 'colcon_pkg'
[0.115s] Level 1:colcon.colcon_core.package_identification:_identify(dexslide/__pycache__) by extensions ['colcon_meta']
[0.115s] Level 1:colcon.colcon_core.package_identification:_identify(dexslide/__pycache__) by extension 'colcon_meta'
[0.115s] Level 1:colcon.colcon_core.package_identification:_identify(dexslide/__pycache__) by extensions ['ros']
[0.115s] Level 1:colcon.colcon_core.package_identification:_identify(dexslide/__pycache__) by extension 'ros'
[0.115s] Level 1:colcon.colcon_core.package_identification:_identify(dexslide/__pycache__) by extensions ['cmake', 'python']
[0.115s] Level 1:colcon.colcon_core.package_identification:_identify(dexslide/__pycache__) by extension 'cmake'
[0.115s] Level 1:colcon.colcon_core.package_identification:_identify(dexslide/__pycache__) by extension 'python'
[0.115s] Level 1:colcon.colcon_core.package_identification:_identify(dexslide/__pycache__) by extensions ['python_setup_py']
[0.115s] Level 1:colcon.colcon_core.package_identification:_identify(dexslide/__pycache__) by extension 'python_setup_py'
[0.115s] Level 1:colcon.colcon_core.package_identification:_identify(dexslide/calibration) by extensions ['ignore', 'ignore_ament_install']
[0.115s] Level 1:colcon.colcon_core.package_identification:_identify(dexslide/calibration) by extension 'ignore'
[0.115s] Level 1:colcon.colcon_core.package_identification:_identify(dexslide/calibration) by extension 'ignore_ament_install'
[0.115s] Level 1:colcon.colcon_core.package_identification:_identify(dexslide/calibration) by extensions ['colcon_pkg']
[0.115s] Level 1:colcon.colcon_core.package_identification:_identify(dexslide/calibration) by extension 'colcon_pkg'
[0.115s] Level 1:colcon.colcon_core.package_identification:_identify(dexslide/calibration) by extensions ['colcon_meta']
[0.115s] Level 1:colcon.colcon_core.package_identification:_identify(dexslide/calibration) by extension 'colcon_meta'
[0.115s] Level 1:colcon.colcon_core.package_identification:_identify(dexslide/calibration) by extensions ['ros']
[0.115s] Level 1:colcon.colcon_core.package_identification:_identify(dexslide/calibration) by extension 'ros'
[0.115s] Level 1:colcon.colcon_core.package_identification:_identify(dexslide/calibration) by extensions ['cmake', 'python']
[0.115s] Level 1:colcon.colcon_core.package_identification:_identify(dexslide/calibration) by extension 'cmake'
[0.115s] Level 1:colcon.colcon_core.package_identification:_identify(dexslide/calibration) by extension 'python'
[0.115s] Level 1:colcon.colcon_core.package_identification:_identify(dexslide/calibration) by extensions ['python_setup_py']
[0.115s] Level 1:colcon.colcon_core.package_identification:_identify(dexslide/calibration) by extension 'python_setup_py'
[0.115s] Level 1:colcon.colcon_core.package_identification:_identify(dexslide/kinematics) by extensions ['ignore', 'ignore_ament_install']
[0.115s] Level 1:colcon.colcon_core.package_identification:_identify(dexslide/kinematics) by extension 'ignore'
[0.115s] Level 1:colcon.colcon_core.package_identification:_identify(dexslide/kinematics) by extension 'ignore_ament_install'
[0.115s] Level 1:colcon.colcon_core.package_identification:_identify(dexslide/kinematics) by extensions ['colcon_pkg']
[0.115s] Level 1:colcon.colcon_core.package_identification:_identify(dexslide/kinematics) by extension 'colcon_pkg'
[0.115s] Level 1:colcon.colcon_core.package_identification:_identify(dexslide/kinematics) by extensions ['colcon_meta']
[0.115s] Level 1:colcon.colcon_core.package_identification:_identify(dexslide/kinematics) by extension 'colcon_meta'
[0.115s] Level 1:colcon.colcon_core.package_identification:_identify(dexslide/kinematics) by extensions ['ros']
[0.115s] Level 1:colcon.colcon_core.package_identification:_identify(dexslide/kinematics) by extension 'ros'
[0.115s] Level 1:colcon.colcon_core.package_identification:_identify(dexslide/kinematics) by extensions ['cmake', 'python']
[0.116s] Level 1:colcon.colcon_core.package_identification:_identify(dexslide/kinematics) by extension 'cmake'
[0.116s] Level 1:colcon.colcon_core.package_identification:_identify(dexslide/kinematics) by extension 'python'
[0.116s] Level 1:colcon.colcon_core.package_identification:_identify(dexslide/kinematics) by extensions ['python_setup_py']
[0.116s] Level 1:colcon.colcon_core.package_identification:_identify(dexslide/kinematics) by extension 'python_setup_py'
[0.116s] Level 1:colcon.colcon_core.package_identification:_identify(dexslide/kinematics/__pycache__) by extensions ['ignore', 'ignore_ament_install']
[0.116s] Level 1:colcon.colcon_core.package_identification:_identify(dexslide/kinematics/__pycache__) by extension 'ignore'
[0.116s] Level 1:colcon.colcon_core.package_identification:_identify(dexslide/kinematics/__pycache__) by extension 'ignore_ament_install'
[0.116s] Level 1:colcon.colcon_core.package_identification:_identify(dexslide/kinematics/__pycache__) by extensions ['colcon_pkg']
[0.116s] Level 1:colcon.colcon_core.package_identification:_identify(dexslide/kinematics/__pycache__) by extension 'colcon_pkg'
[0.116s] Level 1:colcon.colcon_core.package_identification:_identify(dexslide/kinematics/__pycache__) by extensions ['colcon_meta']
[0.116s] Level 1:colcon.colcon_core.package_identification:_identify(dexslide/kinematics/__pycache__) by extension 'colcon_meta'
[0.116s] Level 1:colcon.colcon_core.package_identification:_identify(dexslide/kinematics/__pycache__) by extensions ['ros']
[0.116s] Level 1:colcon.colcon_core.package_identification:_identify(dexslide/kinematics/__pycache__) by extension 'ros'
[0.116s] Level 1:colcon.colcon_core.package_identification:_identify(dexslide/kinematics/__pycache__) by extensions ['cmake', 'python']
[0.116s] Level 1:colcon.colcon_core.package_identification:_identify(dexslide/kinematics/__pycache__) by extension 'cmake'
[0.116s] Level 1:colcon.colcon_core.package_identification:_identify(dexslide/kinematics/__pycache__) by extension 'python'
[0.116s] Level 1:colcon.colcon_core.package_identification:_identify(dexslide/kinematics/__pycache__) by extensions ['python_setup_py']
[0.116s] Level 1:colcon.colcon_core.package_identification:_identify(dexslide/kinematics/__pycache__) by extension 'python_setup_py'
[0.116s] Level 1:colcon.colcon_core.package_identification:_identify(dexslide/vision) by extensions ['ignore', 'ignore_ament_install']
[0.116s] Level 1:colcon.colcon_core.package_identification:_identify(dexslide/vision) by extension 'ignore'
[0.116s] Level 1:colcon.colcon_core.package_identification:_identify(dexslide/vision) by extension 'ignore_ament_install'
[0.116s] Level 1:colcon.colcon_core.package_identification:_identify(dexslide/vision) by extensions ['colcon_pkg']
[0.116s] Level 1:colcon.colcon_core.package_identification:_identify(dexslide/vision) by extension 'colcon_pkg'
[0.116s] Level 1:colcon.colcon_core.package_identification:_identify(dexslide/vision) by extensions ['colcon_meta']
[0.116s] Level 1:colcon.colcon_core.package_identification:_identify(dexslide/vision) by extension 'colcon_meta'
[0.116s] Level 1:colcon.colcon_core.package_identification:_identify(dexslide/vision) by extensions ['ros']
[0.116s] Level 1:colcon.colcon_core.package_identification:_identify(dexslide/vision) by extension 'ros'
[0.116s] Level 1:colcon.colcon_core.package_identification:_identify(dexslide/vision) by extensions ['cmake', 'python']
[0.116s] Level 1:colcon.colcon_core.package_identification:_identify(dexslide/vision) by extension 'cmake'
[0.116s] Level 1:colcon.colcon_core.package_identification:_identify(dexslide/vision) by extension 'python'
[0.116s] Level 1:colcon.colcon_core.package_identification:_identify(dexslide/vision) by extensions ['python_setup_py']
[0.116s] Level 1:colcon.colcon_core.package_identification:_identify(dexslide/vision) by extension 'python_setup_py'
[0.116s] Level 1:colcon.colcon_core.package_identification:_identify(dexslide/visualization) by extensions ['ignore', 'ignore_ament_install']
[0.116s] Level 1:colcon.colcon_core.package_identification:_identify(dexslide/visualization) by extension 'ignore'
[0.116s] Level 1:colcon.colcon_core.package_identification:_identify(dexslide/visualization) by extension 'ignore_ament_install'
[0.116s] Level 1:colcon.colcon_core.package_identification:_identify(dexslide/visualization) by extensions ['colcon_pkg']
[0.116s] Level 1:colcon.colcon_core.package_identification:_identify(dexslide/visualization) by extension 'colcon_pkg'
[0.116s] Level 1:colcon.colcon_core.package_identification:_identify(dexslide/visualization) by extensions ['colcon_meta']
[0.116s] Level 1:colcon.colcon_core.package_identification:_identify(dexslide/visualization) by extension 'colcon_meta'
[0.116s] Level 1:colcon.colcon_core.package_identification:_identify(dexslide/visualization) by extensions ['ros']
[0.116s] Level 1:colcon.colcon_core.package_identification:_identify(dexslide/visualization) by extension 'ros'
[0.117s] Level 1:colcon.colcon_core.package_identification:_identify(dexslide/visualization) by extensions ['cmake', 'python']
[0.117s] Level 1:colcon.colcon_core.package_identification:_identify(dexslide/visualization) by extension 'cmake'
[0.117s] Level 1:colcon.colcon_core.package_identification:_identify(dexslide/visualization) by extension 'python'
[0.117s] Level 1:colcon.colcon_core.package_identification:_identify(dexslide/visualization) by extensions ['python_setup_py']
[0.117s] Level 1:colcon.colcon_core.package_identification:_identify(dexslide/visualization) by extension 'python_setup_py'
[0.117s] Level 1:colcon.colcon_core.package_identification:_identify(dexslide/visualization/__pycache__) by extensions ['ignore', 'ignore_ament_install']
[0.117s] Level 1:colcon.colcon_core.package_identification:_identify(dexslide/visualization/__pycache__) by extension 'ignore'
[0.117s] Level 1:colcon.colcon_core.package_identification:_identify(dexslide/visualization/__pycache__) by extension 'ignore_ament_install'
[0.117s] Level 1:colcon.colcon_core.package_identification:_identify(dexslide/visualization/__pycache__) by extensions ['colcon_pkg']
[0.117s] Level 1:colcon.colcon_core.package_identification:_identify(dexslide/visualization/__pycache__) by extension 'colcon_pkg'
[0.117s] Level 1:colcon.colcon_core.package_identification:_identify(dexslide/visualization/__pycache__) by extensions ['colcon_meta']
[0.117s] Level 1:colcon.colcon_core.package_identification:_identify(dexslide/visualization/__pycache__) by extension 'colcon_meta'
[0.117s] Level 1:colcon.colcon_core.package_identification:_identify(dexslide/visualization/__pycache__) by extensions ['ros']
[0.117s] Level 1:colcon.colcon_core.package_identification:_identify(dexslide/visualization/__pycache__) by extension 'ros'
[0.117s] Level 1:colcon.colcon_core.package_identification:_identify(dexslide/visualization/__pycache__) by extensions ['cmake', 'python']
[0.117s] Level 1:colcon.colcon_core.package_identification:_identify(dexslide/visualization/__pycache__) by extension 'cmake'
[0.117s] Level 1:colcon.colcon_core.package_identification:_identify(dexslide/visualization/__pycache__) by extension 'python'
[0.117s] Level 1:colcon.colcon_core.package_identification:_identify(dexslide/visualization/__pycache__) by extensions ['python_setup_py']
[0.117s] Level 1:colcon.colcon_core.package_identification:_identify(dexslide/visualization/__pycache__) by extension 'python_setup_py'
[0.117s] Level 1:colcon.colcon_core.package_identification:_identify(dexslide/world_pose) by extensions ['ignore', 'ignore_ament_install']
[0.117s] Level 1:colcon.colcon_core.package_identification:_identify(dexslide/world_pose) by extension 'ignore'
[0.117s] Level 1:colcon.colcon_core.package_identification:_identify(dexslide/world_pose) by extension 'ignore_ament_install'
[0.117s] Level 1:colcon.colcon_core.package_identification:_identify(dexslide/world_pose) by extensions ['colcon_pkg']
[0.117s] Level 1:colcon.colcon_core.package_identification:_identify(dexslide/world_pose) by extension 'colcon_pkg'
[0.117s] Level 1:colcon.colcon_core.package_identification:_identify(dexslide/world_pose) by extensions ['colcon_meta']
[0.117s] Level 1:colcon.colcon_core.package_identification:_identify(dexslide/world_pose) by extension 'colcon_meta'
[0.117s] Level 1:colcon.colcon_core.package_identification:_identify(dexslide/world_pose) by extensions ['ros']
[0.117s] Level 1:colcon.colcon_core.package_identification:_identify(dexslide/world_pose) by extension 'ros'
[0.117s] Level 1:colcon.colcon_core.package_identification:_identify(dexslide/world_pose) by extensions ['cmake', 'python']
[0.117s] Level 1:colcon.colcon_core.package_identification:_identify(dexslide/world_pose) by extension 'cmake'
[0.117s] Level 1:colcon.colcon_core.package_identification:_identify(dexslide/world_pose) by extension 'python'
[0.117s] Level 1:colcon.colcon_core.package_identification:_identify(dexslide/world_pose) by extensions ['python_setup_py']
[0.117s] Level 1:colcon.colcon_core.package_identification:_identify(dexslide/world_pose) by extension 'python_setup_py'
[0.117s] Level 1:colcon.colcon_core.package_identification:_identify(install) by extensions ['ignore', 'ignore_ament_install']
[0.117s] Level 1:colcon.colcon_core.package_identification:_identify(install) by extension 'ignore'
[0.117s] Level 1:colcon.colcon_core.package_identification:_identify(install) ignored
[0.117s] Level 1:colcon.colcon_core.package_identification:_identify(learning) by extensions ['ignore', 'ignore_ament_install']
[0.117s] Level 1:colcon.colcon_core.package_identification:_identify(learning) by extension 'ignore'
[0.118s] Level 1:colcon.colcon_core.package_identification:_identify(learning) by extension 'ignore_ament_install'
[0.118s] Level 1:colcon.colcon_core.package_identification:_identify(learning) by extensions ['colcon_pkg']
[0.118s] Level 1:colcon.colcon_core.package_identification:_identify(learning) by extension 'colcon_pkg'
[0.118s] Level 1:colcon.colcon_core.package_identification:_identify(learning) by extensions ['colcon_meta']
[0.118s] Level 1:colcon.colcon_core.package_identification:_identify(learning) by extension 'colcon_meta'
[0.118s] Level 1:colcon.colcon_core.package_identification:_identify(learning) by extensions ['ros']
[0.118s] Level 1:colcon.colcon_core.package_identification:_identify(learning) by extension 'ros'
[0.118s] Level 1:colcon.colcon_core.package_identification:_identify(learning) by extensions ['cmake', 'python']
[0.118s] Level 1:colcon.colcon_core.package_identification:_identify(learning) by extension 'cmake'
[0.118s] Level 1:colcon.colcon_core.package_identification:_identify(learning) by extension 'python'
[0.118s] Level 1:colcon.colcon_core.package_identification:_identify(learning) by extensions ['python_setup_py']
[0.118s] Level 1:colcon.colcon_core.package_identification:_identify(learning) by extension 'python_setup_py'
[0.118s] Level 1:colcon.colcon_core.package_identification:_identify(learning/ACT) by extensions ['ignore', 'ignore_ament_install']
[0.118s] Level 1:colcon.colcon_core.package_identification:_identify(learning/ACT) by extension 'ignore'
[0.118s] Level 1:colcon.colcon_core.package_identification:_identify(learning/ACT) by extension 'ignore_ament_install'
[0.118s] Level 1:colcon.colcon_core.package_identification:_identify(learning/ACT) by extensions ['colcon_pkg']
[0.118s] Level 1:colcon.colcon_core.package_identification:_identify(learning/ACT) by extension 'colcon_pkg'
[0.118s] Level 1:colcon.colcon_core.package_identification:_identify(learning/ACT) by extensions ['colcon_meta']
[0.118s] Level 1:colcon.colcon_core.package_identification:_identify(learning/ACT) by extension 'colcon_meta'
[0.118s] Level 1:colcon.colcon_core.package_identification:_identify(learning/ACT) by extensions ['ros']
[0.118s] Level 1:colcon.colcon_core.package_identification:_identify(learning/ACT) by extension 'ros'
[0.118s] Level 1:colcon.colcon_core.package_identification:_identify(learning/ACT) by extensions ['cmake', 'python']
[0.118s] Level 1:colcon.colcon_core.package_identification:_identify(learning/ACT) by extension 'cmake'
[0.118s] Level 1:colcon.colcon_core.package_identification:_identify(learning/ACT) by extension 'python'
[0.118s] Level 1:colcon.colcon_core.package_identification:_identify(learning/ACT) by extensions ['python_setup_py']
[0.118s] Level 1:colcon.colcon_core.package_identification:_identify(learning/ACT) by extension 'python_setup_py'
[0.118s] Level 1:colcon.colcon_core.package_identification:_identify(log) by extensions ['ignore', 'ignore_ament_install']
[0.118s] Level 1:colcon.colcon_core.package_identification:_identify(log) by extension 'ignore'
[0.118s] Level 1:colcon.colcon_core.package_identification:_identify(log) ignored
[0.118s] Level 1:colcon.colcon_core.package_identification:_identify(robot_manipulation) by extensions ['ignore', 'ignore_ament_install']
[0.118s] Level 1:colcon.colcon_core.package_identification:_identify(robot_manipulation) by extension 'ignore'
[0.118s] Level 1:colcon.colcon_core.package_identification:_identify(robot_manipulation) by extension 'ignore_ament_install'
[0.118s] Level 1:colcon.colcon_core.package_identification:_identify(robot_manipulation) by extensions ['colcon_pkg']
[0.118s] Level 1:colcon.colcon_core.package_identification:_identify(robot_manipulation) by extension 'colcon_pkg'
[0.118s] Level 1:colcon.colcon_core.package_identification:_identify(robot_manipulation) by extensions ['colcon_meta']
[0.118s] Level 1:colcon.colcon_core.package_identification:_identify(robot_manipulation) by extension 'colcon_meta'
[0.118s] Level 1:colcon.colcon_core.package_identification:_identify(robot_manipulation) by extensions ['ros']
[0.118s] Level 1:colcon.colcon_core.package_identification:_identify(robot_manipulation) by extension 'ros'
[0.118s] Level 1:colcon.colcon_core.package_identification:_identify(robot_manipulation) by extensions ['cmake', 'python']
[0.118s] Level 1:colcon.colcon_core.package_identification:_identify(robot_manipulation) by extension 'cmake'
[0.118s] Level 1:colcon.colcon_core.package_identification:_identify(robot_manipulation) by extension 'python'
[0.118s] Level 1:colcon.colcon_core.package_identification:_identify(robot_manipulation) by extensions ['python_setup_py']
[0.119s] Level 1:colcon.colcon_core.package_identification:_identify(robot_manipulation) by extension 'python_setup_py'
[0.119s] Level 1:colcon.colcon_core.package_identification:_identify(robot_manipulation/JAKA_control) by extensions ['ignore', 'ignore_ament_install']
[0.119s] Level 1:colcon.colcon_core.package_identification:_identify(robot_manipulation/JAKA_control) by extension 'ignore'
[0.119s] Level 1:colcon.colcon_core.package_identification:_identify(robot_manipulation/JAKA_control) by extension 'ignore_ament_install'
[0.119s] Level 1:colcon.colcon_core.package_identification:_identify(robot_manipulation/JAKA_control) by extensions ['colcon_pkg']
[0.119s] Level 1:colcon.colcon_core.package_identification:_identify(robot_manipulation/JAKA_control) by extension 'colcon_pkg'
[0.119s] Level 1:colcon.colcon_core.package_identification:_identify(robot_manipulation/JAKA_control) by extensions ['colcon_meta']
[0.119s] Level 1:colcon.colcon_core.package_identification:_identify(robot_manipulation/JAKA_control) by extension 'colcon_meta'
[0.119s] Level 1:colcon.colcon_core.package_identification:_identify(robot_manipulation/JAKA_control) by extensions ['ros']
[0.119s] Level 1:colcon.colcon_core.package_identification:_identify(robot_manipulation/JAKA_control) by extension 'ros'
[0.119s] Level 1:colcon.colcon_core.package_identification:_identify(robot_manipulation/JAKA_control) by extensions ['cmake', 'python']
[0.119s] Level 1:colcon.colcon_core.package_identification:_identify(robot_manipulation/JAKA_control) by extension 'cmake'
[0.119s] Level 1:colcon.colcon_core.package_identification:_identify(robot_manipulation/JAKA_control) by extension 'python'
[0.119s] Level 1:colcon.colcon_core.package_identification:_identify(robot_manipulation/JAKA_control) by extensions ['python_setup_py']
[0.119s] Level 1:colcon.colcon_core.package_identification:_identify(robot_manipulation/JAKA_control) by extension 'python_setup_py'
[0.119s] Level 1:colcon.colcon_core.package_identification:_identify(robot_manipulation/JAKA_control/JAKA_dependecies) by extensions ['ignore', 'ignore_ament_install']
[0.119s] Level 1:colcon.colcon_core.package_identification:_identify(robot_manipulation/JAKA_control/JAKA_dependecies) by extension 'ignore'
[0.119s] Level 1:colcon.colcon_core.package_identification:_identify(robot_manipulation/JAKA_control/JAKA_dependecies) by extension 'ignore_ament_install'
[0.119s] Level 1:colcon.colcon_core.package_identification:_identify(robot_manipulation/JAKA_control/JAKA_dependecies) by extensions ['colcon_pkg']
[0.119s] Level 1:colcon.colcon_core.package_identification:_identify(robot_manipulation/JAKA_control/JAKA_dependecies) by extension 'colcon_pkg'
[0.119s] Level 1:colcon.colcon_core.package_identification:_identify(robot_manipulation/JAKA_control/JAKA_dependecies) by extensions ['colcon_meta']
[0.119s] Level 1:colcon.colcon_core.package_identification:_identify(robot_manipulation/JAKA_control/JAKA_dependecies) by extension 'colcon_meta'
[0.119s] Level 1:colcon.colcon_core.package_identification:_identify(robot_manipulation/JAKA_control/JAKA_dependecies) by extensions ['ros']
[0.119s] Level 1:colcon.colcon_core.package_identification:_identify(robot_manipulation/JAKA_control/JAKA_dependecies) by extension 'ros'
[0.119s] Level 1:colcon.colcon_core.package_identification:_identify(robot_manipulation/JAKA_control/JAKA_dependecies) by extensions ['cmake', 'python']
[0.119s] Level 1:colcon.colcon_core.package_identification:_identify(robot_manipulation/JAKA_control/JAKA_dependecies) by extension 'cmake'
[0.119s] Level 1:colcon.colcon_core.package_identification:_identify(robot_manipulation/JAKA_control/JAKA_dependecies) by extension 'python'
[0.119s] Level 1:colcon.colcon_core.package_identification:_identify(robot_manipulation/JAKA_control/JAKA_dependecies) by extensions ['python_setup_py']
[0.119s] Level 1:colcon.colcon_core.package_identification:_identify(robot_manipulation/JAKA_control/JAKA_dependecies) by extension 'python_setup_py'
[0.119s] Level 1:colcon.colcon_core.package_identification:_identify(robot_manipulation/JAKA_control/JAKA_dependecies/x86_64-linux-gnu) by extensions ['ignore', 'ignore_ament_install']
[0.119s] Level 1:colcon.colcon_core.package_identification:_identify(robot_manipulation/JAKA_control/JAKA_dependecies/x86_64-linux-gnu) by extension 'ignore'
[0.119s] Level 1:colcon.colcon_core.package_identification:_identify(robot_manipulation/JAKA_control/JAKA_dependecies/x86_64-linux-gnu) by extension 'ignore_ament_install'
[0.119s] Level 1:colcon.colcon_core.package_identification:_identify(robot_manipulation/JAKA_control/JAKA_dependecies/x86_64-linux-gnu) by extensions ['colcon_pkg']
[0.119s] Level 1:colcon.colcon_core.package_identification:_identify(robot_manipulation/JAKA_control/JAKA_dependecies/x86_64-linux-gnu) by extension 'colcon_pkg'
[0.119s] Level 1:colcon.colcon_core.package_identification:_identify(robot_manipulation/JAKA_control/JAKA_dependecies/x86_64-linux-gnu) by extensions ['colcon_meta']
[0.119s] Level 1:colcon.colcon_core.package_identification:_identify(robot_manipulation/JAKA_control/JAKA_dependecies/x86_64-linux-gnu) by extension 'colcon_meta'
[0.119s] Level 1:colcon.colcon_core.package_identification:_identify(robot_manipulation/JAKA_control/JAKA_dependecies/x86_64-linux-gnu) by extensions ['ros']
[0.119s] Level 1:colcon.colcon_core.package_identification:_identify(robot_manipulation/JAKA_control/JAKA_dependecies/x86_64-linux-gnu) by extension 'ros'
[0.119s] Level 1:colcon.colcon_core.package_identification:_identify(robot_manipulation/JAKA_control/JAKA_dependecies/x86_64-linux-gnu) by extensions ['cmake', 'python']
[0.120s] Level 1:colcon.colcon_core.package_identification:_identify(robot_manipulation/JAKA_control/JAKA_dependecies/x86_64-linux-gnu) by extension 'cmake'
[0.120s] Level 1:colcon.colcon_core.package_identification:_identify(robot_manipulation/JAKA_control/JAKA_dependecies/x86_64-linux-gnu) by extension 'python'
[0.120s] Level 1:colcon.colcon_core.package_identification:_identify(robot_manipulation/JAKA_control/JAKA_dependecies/x86_64-linux-gnu) by extensions ['python_setup_py']
[0.120s] Level 1:colcon.colcon_core.package_identification:_identify(robot_manipulation/JAKA_control/JAKA_dependecies/x86_64-linux-gnu) by extension 'python_setup_py'
[0.120s] Level 1:colcon.colcon_core.package_identification:_identify(robot_manipulation/JAKA_control/config) by extensions ['ignore', 'ignore_ament_install']
[0.120s] Level 1:colcon.colcon_core.package_identification:_identify(robot_manipulation/JAKA_control/config) by extension 'ignore'
[0.120s] Level 1:colcon.colcon_core.package_identification:_identify(robot_manipulation/JAKA_control/config) by extension 'ignore_ament_install'
[0.120s] Level 1:colcon.colcon_core.package_identification:_identify(robot_manipulation/JAKA_control/config) by extensions ['colcon_pkg']
[0.120s] Level 1:colcon.colcon_core.package_identification:_identify(robot_manipulation/JAKA_control/config) by extension 'colcon_pkg'
[0.120s] Level 1:colcon.colcon_core.package_identification:_identify(robot_manipulation/JAKA_control/config) by extensions ['colcon_meta']
[0.120s] Level 1:colcon.colcon_core.package_identification:_identify(robot_manipulation/JAKA_control/config) by extension 'colcon_meta'
[0.120s] Level 1:colcon.colcon_core.package_identification:_identify(robot_manipulation/JAKA_control/config) by extensions ['ros']
[0.120s] Level 1:colcon.colcon_core.package_identification:_identify(robot_manipulation/JAKA_control/config) by extension 'ros'
[0.120s] Level 1:colcon.colcon_core.package_identification:_identify(robot_manipulation/JAKA_control/config) by extensions ['cmake', 'python']
[0.120s] Level 1:colcon.colcon_core.package_identification:_identify(robot_manipulation/JAKA_control/config) by extension 'cmake'
[0.120s] Level 1:colcon.colcon_core.package_identification:_identify(robot_manipulation/JAKA_control/config) by extension 'python'
[0.120s] Level 1:colcon.colcon_core.package_identification:_identify(robot_manipulation/JAKA_control/config) by extensions ['python_setup_py']
[0.120s] Level 1:colcon.colcon_core.package_identification:_identify(robot_manipulation/JAKA_control/config) by extension 'python_setup_py'
[0.120s] Level 1:colcon.colcon_core.package_identification:_identify(robot_manipulation/JAKA_control/jaka_ros2) by extensions ['ignore', 'ignore_ament_install']
[0.120s] Level 1:colcon.colcon_core.package_identification:_identify(robot_manipulation/JAKA_control/jaka_ros2) by extension 'ignore'
[0.120s] Level 1:colcon.colcon_core.package_identification:_identify(robot_manipulation/JAKA_control/jaka_ros2) by extension 'ignore_ament_install'
[0.120s] Level 1:colcon.colcon_core.package_identification:_identify(robot_manipulation/JAKA_control/jaka_ros2) by extensions ['colcon_pkg']
[0.120s] Level 1:colcon.colcon_core.package_identification:_identify(robot_manipulation/JAKA_control/jaka_ros2) by extension 'colcon_pkg'
[0.120s] Level 1:colcon.colcon_core.package_identification:_identify(robot_manipulation/JAKA_control/jaka_ros2) by extensions ['colcon_meta']
[0.120s] Level 1:colcon.colcon_core.package_identification:_identify(robot_manipulation/JAKA_control/jaka_ros2) by extension 'colcon_meta'
[0.120s] Level 1:colcon.colcon_core.package_identification:_identify(robot_manipulation/JAKA_control/jaka_ros2) by extensions ['ros']
[0.120s] Level 1:colcon.colcon_core.package_identification:_identify(robot_manipulation/JAKA_control/jaka_ros2) by extension 'ros'
[0.120s] Level 1:colcon.colcon_core.package_identification:_identify(robot_manipulation/JAKA_control/jaka_ros2) by extensions ['cmake', 'python']
[0.120s] Level 1:colcon.colcon_core.package_identification:_identify(robot_manipulation/JAKA_control/jaka_ros2) by extension 'cmake'
[0.120s] Level 1:colcon.colcon_core.package_identification:_identify(robot_manipulation/JAKA_control/jaka_ros2) by extension 'python'
[0.120s] Level 1:colcon.colcon_core.package_identification:_identify(robot_manipulation/JAKA_control/jaka_ros2) by extensions ['python_setup_py']
[0.120s] Level 1:colcon.colcon_core.package_identification:_identify(robot_manipulation/JAKA_control/jaka_ros2) by extension 'python_setup_py'
[0.120s] Level 1:colcon.colcon_core.package_identification:_identify(robot_manipulation/JAKA_control/jaka_ros2/build) by extensions ['ignore', 'ignore_ament_install']
[0.120s] Level 1:colcon.colcon_core.package_identification:_identify(robot_manipulation/JAKA_control/jaka_ros2/build) by extension 'ignore'
[0.120s] Level 1:colcon.colcon_core.package_identification:_identify(robot_manipulation/JAKA_control/jaka_ros2/build) ignored
[0.120s] Level 1:colcon.colcon_core.package_identification:_identify(robot_manipulation/JAKA_control/jaka_ros2/images) by extensions ['ignore', 'ignore_ament_install']
[0.121s] Level 1:colcon.colcon_core.package_identification:_identify(robot_manipulation/JAKA_control/jaka_ros2/images) by extension 'ignore'
[0.121s] Level 1:colcon.colcon_core.package_identification:_identify(robot_manipulation/JAKA_control/jaka_ros2/images) by extension 'ignore_ament_install'
[0.121s] Level 1:colcon.colcon_core.package_identification:_identify(robot_manipulation/JAKA_control/jaka_ros2/images) by extensions ['colcon_pkg']
[0.121s] Level 1:colcon.colcon_core.package_identification:_identify(robot_manipulation/JAKA_control/jaka_ros2/images) by extension 'colcon_pkg'
[0.121s] Level 1:colcon.colcon_core.package_identification:_identify(robot_manipulation/JAKA_control/jaka_ros2/images) by extensions ['colcon_meta']
[0.121s] Level 1:colcon.colcon_core.package_identification:_identify(robot_manipulation/JAKA_control/jaka_ros2/images) by extension 'colcon_meta'
[0.121s] Level 1:colcon.colcon_core.package_identification:_identify(robot_manipulation/JAKA_control/jaka_ros2/images) by extensions ['ros']
[0.121s] Level 1:colcon.colcon_core.package_identification:_identify(robot_manipulation/JAKA_control/jaka_ros2/images) by extension 'ros'
[0.121s] Level 1:colcon.colcon_core.package_identification:_identify(robot_manipulation/JAKA_control/jaka_ros2/images) by extensions ['cmake', 'python']
[0.121s] Level 1:colcon.colcon_core.package_identification:_identify(robot_manipulation/JAKA_control/jaka_ros2/images) by extension 'cmake'
[0.121s] Level 1:colcon.colcon_core.package_identification:_identify(robot_manipulation/JAKA_control/jaka_ros2/images) by extension 'python'
[0.121s] Level 1:colcon.colcon_core.package_identification:_identify(robot_manipulation/JAKA_control/jaka_ros2/images) by extensions ['python_setup_py']
[0.121s] Level 1:colcon.colcon_core.package_identification:_identify(robot_manipulation/JAKA_control/jaka_ros2/images) by extension 'python_setup_py'
[0.121s] Level 1:colcon.colcon_core.package_identification:_identify(robot_manipulation/JAKA_control/jaka_ros2/install) by extensions ['ignore', 'ignore_ament_install']
[0.121s] Level 1:colcon.colcon_core.package_identification:_identify(robot_manipulation/JAKA_control/jaka_ros2/install) by extension 'ignore'
[0.121s] Level 1:colcon.colcon_core.package_identification:_identify(robot_manipulation/JAKA_control/jaka_ros2/install) ignored
[0.121s] Level 1:colcon.colcon_core.package_identification:_identify(robot_manipulation/JAKA_control/jaka_ros2/log) by extensions ['ignore', 'ignore_ament_install']
[0.121s] Level 1:colcon.colcon_core.package_identification:_identify(robot_manipulation/JAKA_control/jaka_ros2/log) by extension 'ignore'
[0.121s] Level 1:colcon.colcon_core.package_identification:_identify(robot_manipulation/JAKA_control/jaka_ros2/log) ignored
[0.121s] Level 1:colcon.colcon_core.package_identification:_identify(robot_manipulation/JAKA_control/jaka_ros2/src) by extensions ['ignore', 'ignore_ament_install']
[0.121s] Level 1:colcon.colcon_core.package_identification:_identify(robot_manipulation/JAKA_control/jaka_ros2/src) by extension 'ignore'
[0.121s] Level 1:colcon.colcon_core.package_identification:_identify(robot_manipulation/JAKA_control/jaka_ros2/src) by extension 'ignore_ament_install'
[0.121s] Level 1:colcon.colcon_core.package_identification:_identify(robot_manipulation/JAKA_control/jaka_ros2/src) by extensions ['colcon_pkg']
[0.121s] Level 1:colcon.colcon_core.package_identification:_identify(robot_manipulation/JAKA_control/jaka_ros2/src) by extension 'colcon_pkg'
[0.121s] Level 1:colcon.colcon_core.package_identification:_identify(robot_manipulation/JAKA_control/jaka_ros2/src) by extensions ['colcon_meta']
[0.121s] Level 1:colcon.colcon_core.package_identification:_identify(robot_manipulation/JAKA_control/jaka_ros2/src) by extension 'colcon_meta'
[0.121s] Level 1:colcon.colcon_core.package_identification:_identify(robot_manipulation/JAKA_control/jaka_ros2/src) by extensions ['ros']
[0.121s] Level 1:colcon.colcon_core.package_identification:_identify(robot_manipulation/JAKA_control/jaka_ros2/src) by extension 'ros'
[0.121s] Level 1:colcon.colcon_core.package_identification:_identify(robot_manipulation/JAKA_control/jaka_ros2/src) by extensions ['cmake', 'python']
[0.121s] Level 1:colcon.colcon_core.package_identification:_identify(robot_manipulation/JAKA_control/jaka_ros2/src) by extension 'cmake'
[0.121s] Level 1:colcon.colcon_core.package_identification:_identify(robot_manipulation/JAKA_control/jaka_ros2/src) by extension 'python'
[0.121s] Level 1:colcon.colcon_core.package_identification:_identify(robot_manipulation/JAKA_control/jaka_ros2/src) by extensions ['python_setup_py']
[0.121s] Level 1:colcon.colcon_core.package_identification:_identify(robot_manipulation/JAKA_control/jaka_ros2/src) by extension 'python_setup_py'
[0.121s] Level 1:colcon.colcon_core.package_identification:_identify(robot_manipulation/JAKA_control/jaka_ros2/src/build) by extensions ['ignore', 'ignore_ament_install']
[0.121s] Level 1:colcon.colcon_core.package_identification:_identify(robot_manipulation/JAKA_control/jaka_ros2/src/build) by extension 'ignore'
[0.122s] Level 1:colcon.colcon_core.package_identification:_identify(robot_manipulation/JAKA_control/jaka_ros2/src/build) ignored
[0.122s] Level 1:colcon.colcon_core.package_identification:_identify(robot_manipulation/JAKA_control/jaka_ros2/src/install) by extensions ['ignore', 'ignore_ament_install']
[0.122s] Level 1:colcon.colcon_core.package_identification:_identify(robot_manipulation/JAKA_control/jaka_ros2/src/install) by extension 'ignore'
[0.122s] Level 1:colcon.colcon_core.package_identification:_identify(robot_manipulation/JAKA_control/jaka_ros2/src/install) ignored
[0.122s] Level 1:colcon.colcon_core.package_identification:_identify(robot_manipulation/JAKA_control/jaka_ros2/src/jaka_a12_moveit_config) by extensions ['ignore', 'ignore_ament_install']
[0.122s] Level 1:colcon.colcon_core.package_identification:_identify(robot_manipulation/JAKA_control/jaka_ros2/src/jaka_a12_moveit_config) by extension 'ignore'
[0.122s] Level 1:colcon.colcon_core.package_identification:_identify(robot_manipulation/JAKA_control/jaka_ros2/src/jaka_a12_moveit_config) by extension 'ignore_ament_install'
[0.122s] Level 1:colcon.colcon_core.package_identification:_identify(robot_manipulation/JAKA_control/jaka_ros2/src/jaka_a12_moveit_config) by extensions ['colcon_pkg']
[0.122s] Level 1:colcon.colcon_core.package_identification:_identify(robot_manipulation/JAKA_control/jaka_ros2/src/jaka_a12_moveit_config) by extension 'colcon_pkg'
[0.122s] Level 1:colcon.colcon_core.package_identification:_identify(robot_manipulation/JAKA_control/jaka_ros2/src/jaka_a12_moveit_config) by extensions ['colcon_meta']
[0.122s] Level 1:colcon.colcon_core.package_identification:_identify(robot_manipulation/JAKA_control/jaka_ros2/src/jaka_a12_moveit_config) by extension 'colcon_meta'
[0.122s] Level 1:colcon.colcon_core.package_identification:_identify(robot_manipulation/JAKA_control/jaka_ros2/src/jaka_a12_moveit_config) by extensions ['ros']
[0.122s] Level 1:colcon.colcon_core.package_identification:_identify(robot_manipulation/JAKA_control/jaka_ros2/src/jaka_a12_moveit_config) by extension 'ros'
[0.124s] DEBUG:colcon.colcon_core.package_identification:Package 'robot_manipulation/JAKA_control/jaka_ros2/src/jaka_a12_moveit_config' with type 'ros.ament_cmake' and name 'jaka_a12_moveit_config'
[0.124s] Level 1:colcon.colcon_core.package_identification:_identify(robot_manipulation/JAKA_control/jaka_ros2/src/jaka_a5_moveit_config) by extensions ['ignore', 'ignore_ament_install']
[0.124s] Level 1:colcon.colcon_core.package_identification:_identify(robot_manipulation/JAKA_control/jaka_ros2/src/jaka_a5_moveit_config) by extension 'ignore'
[0.124s] Level 1:colcon.colcon_core.package_identification:_identify(robot_manipulation/JAKA_control/jaka_ros2/src/jaka_a5_moveit_config) by extension 'ignore_ament_install'
[0.124s] Level 1:colcon.colcon_core.package_identification:_identify(robot_manipulation/JAKA_control/jaka_ros2/src/jaka_a5_moveit_config) by extensions ['colcon_pkg']
[0.124s] Level 1:colcon.colcon_core.package_identification:_identify(robot_manipulation/JAKA_control/jaka_ros2/src/jaka_a5_moveit_config) by extension 'colcon_pkg'
[0.124s] Level 1:colcon.colcon_core.package_identification:_identify(robot_manipulation/JAKA_control/jaka_ros2/src/jaka_a5_moveit_config) by extensions ['colcon_meta']
[0.124s] Level 1:colcon.colcon_core.package_identification:_identify(robot_manipulation/JAKA_control/jaka_ros2/src/jaka_a5_moveit_config) by extension 'colcon_meta'
[0.124s] Level 1:colcon.colcon_core.package_identification:_identify(robot_manipulation/JAKA_control/jaka_ros2/src/jaka_a5_moveit_config) by extensions ['ros']
[0.124s] Level 1:colcon.colcon_core.package_identification:_identify(robot_manipulation/JAKA_control/jaka_ros2/src/jaka_a5_moveit_config) by extension 'ros'
[0.124s] DEBUG:colcon.colcon_core.package_identification:Package 'robot_manipulation/JAKA_control/jaka_ros2/src/jaka_a5_moveit_config' with type 'ros.ament_cmake' and name 'jaka_a5_moveit_config'
[0.125s] Level 1:colcon.colcon_core.package_identification:_identify(robot_manipulation/JAKA_control/jaka_ros2/src/jaka_c12_moveit_config) by extensions ['ignore', 'ignore_ament_install']
[0.125s] Level 1:colcon.colcon_core.package_identification:_identify(robot_manipulation/JAKA_control/jaka_ros2/src/jaka_c12_moveit_config) by extension 'ignore'
[0.125s] Level 1:colcon.colcon_core.package_identification:_identify(robot_manipulation/JAKA_control/jaka_ros2/src/jaka_c12_moveit_config) by extension 'ignore_ament_install'
[0.125s] Level 1:colcon.colcon_core.package_identification:_identify(robot_manipulation/JAKA_control/jaka_ros2/src/jaka_c12_moveit_config) by extensions ['colcon_pkg']
[0.125s] Level 1:colcon.colcon_core.package_identification:_identify(robot_manipulation/JAKA_control/jaka_ros2/src/jaka_c12_moveit_config) by extension 'colcon_pkg'
[0.125s] Level 1:colcon.colcon_core.package_identification:_identify(robot_manipulation/JAKA_control/jaka_ros2/src/jaka_c12_moveit_config) by extensions ['colcon_meta']
[0.125s] Level 1:colcon.colcon_core.package_identification:_identify(robot_manipulation/JAKA_control/jaka_ros2/src/jaka_c12_moveit_config) by extension 'colcon_meta'
[0.125s] Level 1:colcon.colcon_core.package_identification:_identify(robot_manipulation/JAKA_control/jaka_ros2/src/jaka_c12_moveit_config) by extensions ['ros']
[0.125s] Level 1:colcon.colcon_core.package_identification:_identify(robot_manipulation/JAKA_control/jaka_ros2/src/jaka_c12_moveit_config) by extension 'ros'
[0.125s] DEBUG:colcon.colcon_core.package_identification:Package 'robot_manipulation/JAKA_control/jaka_ros2/src/jaka_c12_moveit_config' with type 'ros.ament_cmake' and name 'jaka_c12_moveit_config'
[0.125s] Level 1:colcon.colcon_core.package_identification:_identify(robot_manipulation/JAKA_control/jaka_ros2/src/jaka_c5_moveit_config) by extensions ['ignore', 'ignore_ament_install']
[0.125s] Level 1:colcon.colcon_core.package_identification:_identify(robot_manipulation/JAKA_control/jaka_ros2/src/jaka_c5_moveit_config) by extension 'ignore'
[0.125s] Level 1:colcon.colcon_core.package_identification:_identify(robot_manipulation/JAKA_control/jaka_ros2/src/jaka_c5_moveit_config) by extension 'ignore_ament_install'
[0.125s] Level 1:colcon.colcon_core.package_identification:_identify(robot_manipulation/JAKA_control/jaka_ros2/src/jaka_c5_moveit_config) by extensions ['colcon_pkg']
[0.125s] Level 1:colcon.colcon_core.package_identification:_identify(robot_manipulation/JAKA_control/jaka_ros2/src/jaka_c5_moveit_config) by extension 'colcon_pkg'
[0.125s] Level 1:colcon.colcon_core.package_identification:_identify(robot_manipulation/JAKA_control/jaka_ros2/src/jaka_c5_moveit_config) by extensions ['colcon_meta']
[0.125s] Level 1:colcon.colcon_core.package_identification:_identify(robot_manipulation/JAKA_control/jaka_ros2/src/jaka_c5_moveit_config) by extension 'colcon_meta'
[0.125s] Level 1:colcon.colcon_core.package_identification:_identify(robot_manipulation/JAKA_control/jaka_ros2/src/jaka_c5_moveit_config) by extensions ['ros']
[0.126s] Level 1:colcon.colcon_core.package_identification:_identify(robot_manipulation/JAKA_control/jaka_ros2/src/jaka_c5_moveit_config) by extension 'ros'
[0.126s] DEBUG:colcon.colcon_core.package_identification:Package 'robot_manipulation/JAKA_control/jaka_ros2/src/jaka_c5_moveit_config' with type 'ros.ament_cmake' and name 'jaka_c5_moveit_config'
[0.126s] Level 1:colcon.colcon_core.package_identification:_identify(robot_manipulation/JAKA_control/jaka_ros2/src/jaka_c7_moveit_config) by extensions ['ignore', 'ignore_ament_install']
[0.126s] Level 1:colcon.colcon_core.package_identification:_identify(robot_manipulation/JAKA_control/jaka_ros2/src/jaka_c7_moveit_config) by extension 'ignore'
[0.126s] Level 1:colcon.colcon_core.package_identification:_identify(robot_manipulation/JAKA_control/jaka_ros2/src/jaka_c7_moveit_config) by extension 'ignore_ament_install'
[0.126s] Level 1:colcon.colcon_core.package_identification:_identify(robot_manipulation/JAKA_control/jaka_ros2/src/jaka_c7_moveit_config) by extensions ['colcon_pkg']
[0.126s] Level 1:colcon.colcon_core.package_identification:_identify(robot_manipulation/JAKA_control/jaka_ros2/src/jaka_c7_moveit_config) by extension 'colcon_pkg'
[0.126s] Level 1:colcon.colcon_core.package_identification:_identify(robot_manipulation/JAKA_control/jaka_ros2/src/jaka_c7_moveit_config) by extensions ['colcon_meta']
[0.126s] Level 1:colcon.colcon_core.package_identification:_identify(robot_manipulation/JAKA_control/jaka_ros2/src/jaka_c7_moveit_config) by extension 'colcon_meta'
[0.126s] Level 1:colcon.colcon_core.package_identification:_identify(robot_manipulation/JAKA_control/jaka_ros2/src/jaka_c7_moveit_config) by extensions ['ros']
[0.126s] Level 1:colcon.colcon_core.package_identification:_identify(robot_manipulation/JAKA_control/jaka_ros2/src/jaka_c7_moveit_config) by extension 'ros'
[0.127s] DEBUG:colcon.colcon_core.package_identification:Package 'robot_manipulation/JAKA_control/jaka_ros2/src/jaka_c7_moveit_config' with type 'ros.ament_cmake' and name 'jaka_c7_moveit_config'
[0.127s] Level 1:colcon.colcon_core.package_identification:_identify(robot_manipulation/JAKA_control/jaka_ros2/src/jaka_description) by extensions ['ignore', 'ignore_ament_install']
[0.127s] Level 1:colcon.colcon_core.package_identification:_identify(robot_manipulation/JAKA_control/jaka_ros2/src/jaka_description) by extension 'ignore'
[0.127s] Level 1:colcon.colcon_core.package_identification:_identify(robot_manipulation/JAKA_control/jaka_ros2/src/jaka_description) by extension 'ignore_ament_install'
[0.127s] Level 1:colcon.colcon_core.package_identification:_identify(robot_manipulation/JAKA_control/jaka_ros2/src/jaka_description) by extensions ['colcon_pkg']
[0.127s] Level 1:colcon.colcon_core.package_identification:_identify(robot_manipulation/JAKA_control/jaka_ros2/src/jaka_description) by extension 'colcon_pkg'
[0.127s] Level 1:colcon.colcon_core.package_identification:_identify(robot_manipulation/JAKA_control/jaka_ros2/src/jaka_description) by extensions ['colcon_meta']
[0.127s] Level 1:colcon.colcon_core.package_identification:_identify(robot_manipulation/JAKA_control/jaka_ros2/src/jaka_description) by extension 'colcon_meta'
[0.127s] Level 1:colcon.colcon_core.package_identification:_identify(robot_manipulation/JAKA_control/jaka_ros2/src/jaka_description) by extensions ['ros']
[0.127s] Level 1:colcon.colcon_core.package_identification:_identify(robot_manipulation/JAKA_control/jaka_ros2/src/jaka_description) by extension 'ros'
[0.127s] DEBUG:colcon.colcon_core.package_identification:Package 'robot_manipulation/JAKA_control/jaka_ros2/src/jaka_description' with type 'ros.ament_cmake' and name 'jaka_description'
[0.127s] Level 1:colcon.colcon_core.package_identification:_identify(robot_manipulation/JAKA_control/jaka_ros2/src/jaka_driver) by extensions ['ignore', 'ignore_ament_install']
[0.127s] Level 1:colcon.colcon_core.package_identification:_identify(robot_manipulation/JAKA_control/jaka_ros2/src/jaka_driver) by extension 'ignore'
[0.127s] Level 1:colcon.colcon_core.package_identification:_identify(robot_manipulation/JAKA_control/jaka_ros2/src/jaka_driver) by extension 'ignore_ament_install'
[0.127s] Level 1:colcon.colcon_core.package_identification:_identify(robot_manipulation/JAKA_control/jaka_ros2/src/jaka_driver) by extensions ['colcon_pkg']
[0.127s] Level 1:colcon.colcon_core.package_identification:_identify(robot_manipulation/JAKA_control/jaka_ros2/src/jaka_driver) by extension 'colcon_pkg'
[0.128s] Level 1:colcon.colcon_core.package_identification:_identify(robot_manipulation/JAKA_control/jaka_ros2/src/jaka_driver) by extensions ['colcon_meta']
[0.128s] Level 1:colcon.colcon_core.package_identification:_identify(robot_manipulation/JAKA_control/jaka_ros2/src/jaka_driver) by extension 'colcon_meta'
[0.128s] Level 1:colcon.colcon_core.package_identification:_identify(robot_manipulation/JAKA_control/jaka_ros2/src/jaka_driver) by extensions ['ros']
[0.128s] Level 1:colcon.colcon_core.package_identification:_identify(robot_manipulation/JAKA_control/jaka_ros2/src/jaka_driver) by extension 'ros'
[0.128s] DEBUG:colcon.colcon_core.package_identification:Package 'robot_manipulation/JAKA_control/jaka_ros2/src/jaka_driver' with type 'ros.ament_cmake' and name 'jaka_driver'
[0.128s] Level 1:colcon.colcon_core.package_identification:_identify(robot_manipulation/JAKA_control/jaka_ros2/src/jaka_minicobo_moveit_config) by extensions ['ignore', 'ignore_ament_install']
[0.128s] Level 1:colcon.colcon_core.package_identification:_identify(robot_manipulation/JAKA_control/jaka_ros2/src/jaka_minicobo_moveit_config) by extension 'ignore'
[0.128s] Level 1:colcon.colcon_core.package_identification:_identify(robot_manipulation/JAKA_control/jaka_ros2/src/jaka_minicobo_moveit_config) by extension 'ignore_ament_install'
[0.128s] Level 1:colcon.colcon_core.package_identification:_identify(robot_manipulation/JAKA_control/jaka_ros2/src/jaka_minicobo_moveit_config) by extensions ['colcon_pkg']
[0.128s] Level 1:colcon.colcon_core.package_identification:_identify(robot_manipulation/JAKA_control/jaka_ros2/src/jaka_minicobo_moveit_config) by extension 'colcon_pkg'
[0.128s] Level 1:colcon.colcon_core.package_identification:_identify(robot_manipulation/JAKA_control/jaka_ros2/src/jaka_minicobo_moveit_config) by extensions ['colcon_meta']
[0.128s] Level 1:colcon.colcon_core.package_identification:_identify(robot_manipulation/JAKA_control/jaka_ros2/src/jaka_minicobo_moveit_config) by extension 'colcon_meta'
[0.128s] Level 1:colcon.colcon_core.package_identification:_identify(robot_manipulation/JAKA_control/jaka_ros2/src/jaka_minicobo_moveit_config) by extensions ['ros']
[0.128s] Level 1:colcon.colcon_core.package_identification:_identify(robot_manipulation/JAKA_control/jaka_ros2/src/jaka_minicobo_moveit_config) by extension 'ros'
[0.129s] DEBUG:colcon.colcon_core.package_identification:Package 'robot_manipulation/JAKA_control/jaka_ros2/src/jaka_minicobo_moveit_config' with type 'ros.ament_cmake' and name 'jaka_minicobo_moveit_config'
[0.129s] Level 1:colcon.colcon_core.package_identification:_identify(robot_manipulation/JAKA_control/jaka_ros2/src/jaka_msgs) by extensions ['ignore', 'ignore_ament_install']
[0.129s] Level 1:colcon.colcon_core.package_identification:_identify(robot_manipulation/JAKA_control/jaka_ros2/src/jaka_msgs) by extension 'ignore'
[0.129s] Level 1:colcon.colcon_core.package_identification:_identify(robot_manipulation/JAKA_control/jaka_ros2/src/jaka_msgs) by extension 'ignore_ament_install'
[0.129s] Level 1:colcon.colcon_core.package_identification:_identify(robot_manipulation/JAKA_control/jaka_ros2/src/jaka_msgs) by extensions ['colcon_pkg']
[0.129s] Level 1:colcon.colcon_core.package_identification:_identify(robot_manipulation/JAKA_control/jaka_ros2/src/jaka_msgs) by extension 'colcon_pkg'
[0.129s] Level 1:colcon.colcon_core.package_identification:_identify(robot_manipulation/JAKA_control/jaka_ros2/src/jaka_msgs) by extensions ['colcon_meta']
[0.129s] Level 1:colcon.colcon_core.package_identification:_identify(robot_manipulation/JAKA_control/jaka_ros2/src/jaka_msgs) by extension 'colcon_meta'
[0.129s] Level 1:colcon.colcon_core.package_identification:_identify(robot_manipulation/JAKA_control/jaka_ros2/src/jaka_msgs) by extensions ['ros']
[0.129s] Level 1:colcon.colcon_core.package_identification:_identify(robot_manipulation/JAKA_control/jaka_ros2/src/jaka_msgs) by extension 'ros'
[0.129s] DEBUG:colcon.colcon_core.package_identification:Package 'robot_manipulation/JAKA_control/jaka_ros2/src/jaka_msgs' with type 'ros.ament_cmake' and name 'jaka_msgs'
[0.129s] Level 1:colcon.colcon_core.package_identification:_identify(robot_manipulation/JAKA_control/jaka_ros2/src/jaka_planner) by extensions ['ignore', 'ignore_ament_install']
[0.129s] Level 1:colcon.colcon_core.package_identification:_identify(robot_manipulation/JAKA_control/jaka_ros2/src/jaka_planner) by extension 'ignore'
[0.129s] Level 1:colcon.colcon_core.package_identification:_identify(robot_manipulation/JAKA_control/jaka_ros2/src/jaka_planner) by extension 'ignore_ament_install'
[0.130s] Level 1:colcon.colcon_core.package_identification:_identify(robot_manipulation/JAKA_control/jaka_ros2/src/jaka_planner) by extensions ['colcon_pkg']
[0.130s] Level 1:colcon.colcon_core.package_identification:_identify(robot_manipulation/JAKA_control/jaka_ros2/src/jaka_planner) by extension 'colcon_pkg'
[0.130s] Level 1:colcon.colcon_core.package_identification:_identify(robot_manipulation/JAKA_control/jaka_ros2/src/jaka_planner) by extensions ['colcon_meta']
[0.130s] Level 1:colcon.colcon_core.package_identification:_identify(robot_manipulation/JAKA_control/jaka_ros2/src/jaka_planner) by extension 'colcon_meta'
[0.130s] Level 1:colcon.colcon_core.package_identification:_identify(robot_manipulation/JAKA_control/jaka_ros2/src/jaka_planner) by extensions ['ros']
[0.130s] Level 1:colcon.colcon_core.package_identification:_identify(robot_manipulation/JAKA_control/jaka_ros2/src/jaka_planner) by extension 'ros'
[0.130s] DEBUG:colcon.colcon_core.package_identification:Package 'robot_manipulation/JAKA_control/jaka_ros2/src/jaka_planner' with type 'ros.ament_cmake' and name 'jaka_planner'
[0.130s] Level 1:colcon.colcon_core.package_identification:_identify(robot_manipulation/JAKA_control/jaka_ros2/src/jaka_pro12_moveit_config) by extensions ['ignore', 'ignore_ament_install']
[0.130s] Level 1:colcon.colcon_core.package_identification:_identify(robot_manipulation/JAKA_control/jaka_ros2/src/jaka_pro12_moveit_config) by extension 'ignore'
[0.130s] Level 1:colcon.colcon_core.package_identification:_identify(robot_manipulation/JAKA_control/jaka_ros2/src/jaka_pro12_moveit_config) by extension 'ignore_ament_install'
[0.130s] Level 1:colcon.colcon_core.package_identification:_identify(robot_manipulation/JAKA_control/jaka_ros2/src/jaka_pro12_moveit_config) by extensions ['colcon_pkg']
[0.130s] Level 1:colcon.colcon_core.package_identification:_identify(robot_manipulation/JAKA_control/jaka_ros2/src/jaka_pro12_moveit_config) by extension 'colcon_pkg'
[0.130s] Level 1:colcon.colcon_core.package_identification:_identify(robot_manipulation/JAKA_control/jaka_ros2/src/jaka_pro12_moveit_config) by extensions ['colcon_meta']
[0.130s] Level 1:colcon.colcon_core.package_identification:_identify(robot_manipulation/JAKA_control/jaka_ros2/src/jaka_pro12_moveit_config) by extension 'colcon_meta'
[0.130s] Level 1:colcon.colcon_core.package_identification:_identify(robot_manipulation/JAKA_control/jaka_ros2/src/jaka_pro12_moveit_config) by extensions ['ros']
[0.130s] Level 1:colcon.colcon_core.package_identification:_identify(robot_manipulation/JAKA_control/jaka_ros2/src/jaka_pro12_moveit_config) by extension 'ros'
[0.131s] DEBUG:colcon.colcon_core.package_identification:Package 'robot_manipulation/JAKA_control/jaka_ros2/src/jaka_pro12_moveit_config' with type 'ros.ament_cmake' and name 'jaka_pro12_moveit_config'
[0.131s] Level 1:colcon.colcon_core.package_identification:_identify(robot_manipulation/JAKA_control/jaka_ros2/src/jaka_pro16_moveit_config) by extensions ['ignore', 'ignore_ament_install']
[0.131s] Level 1:colcon.colcon_core.package_identification:_identify(robot_manipulation/JAKA_control/jaka_ros2/src/jaka_pro16_moveit_config) by extension 'ignore'
[0.131s] Level 1:colcon.colcon_core.package_identification:_identify(robot_manipulation/JAKA_control/jaka_ros2/src/jaka_pro16_moveit_config) by extension 'ignore_ament_install'
[0.131s] Level 1:colcon.colcon_core.package_identification:_identify(robot_manipulation/JAKA_control/jaka_ros2/src/jaka_pro16_moveit_config) by extensions ['colcon_pkg']
[0.131s] Level 1:colcon.colcon_core.package_identification:_identify(robot_manipulation/JAKA_control/jaka_ros2/src/jaka_pro16_moveit_config) by extension 'colcon_pkg'
[0.131s] Level 1:colcon.colcon_core.package_identification:_identify(robot_manipulation/JAKA_control/jaka_ros2/src/jaka_pro16_moveit_config) by extensions ['colcon_meta']
[0.131s] Level 1:colcon.colcon_core.package_identification:_identify(robot_manipulation/JAKA_control/jaka_ros2/src/jaka_pro16_moveit_config) by extension 'colcon_meta'
[0.131s] Level 1:colcon.colcon_core.package_identification:_identify(robot_manipulation/JAKA_control/jaka_ros2/src/jaka_pro16_moveit_config) by extensions ['ros']
[0.131s] Level 1:colcon.colcon_core.package_identification:_identify(robot_manipulation/JAKA_control/jaka_ros2/src/jaka_pro16_moveit_config) by extension 'ros'
[0.131s] DEBUG:colcon.colcon_core.package_identification:Package 'robot_manipulation/JAKA_control/jaka_ros2/src/jaka_pro16_moveit_config' with type 'ros.ament_cmake' and name 'jaka_pro16_moveit_config'
[0.132s] Level 1:colcon.colcon_core.package_identification:_identify(robot_manipulation/JAKA_control/jaka_ros2/src/jaka_pro18_moveit_config) by extensions ['ignore', 'ignore_ament_install']
[0.132s] Level 1:colcon.colcon_core.package_identification:_identify(robot_manipulation/JAKA_control/jaka_ros2/src/jaka_pro18_moveit_config) by extension 'ignore'
[0.132s] Level 1:colcon.colcon_core.package_identification:_identify(robot_manipulation/JAKA_control/jaka_ros2/src/jaka_pro18_moveit_config) by extension 'ignore_ament_install'
[0.132s] Level 1:colcon.colcon_core.package_identification:_identify(robot_manipulation/JAKA_control/jaka_ros2/src/jaka_pro18_moveit_config) by extensions ['colcon_pkg']
[0.132s] Level 1:colcon.colcon_core.package_identification:_identify(robot_manipulation/JAKA_control/jaka_ros2/src/jaka_pro18_moveit_config) by extension 'colcon_pkg'
[0.132s] Level 1:colcon.colcon_core.package_identification:_identify(robot_manipulation/JAKA_control/jaka_ros2/src/jaka_pro18_moveit_config) by extensions ['colcon_meta']
[0.132s] Level 1:colcon.colcon_core.package_identification:_identify(robot_manipulation/JAKA_control/jaka_ros2/src/jaka_pro18_moveit_config) by extension 'colcon_meta'
[0.132s] Level 1:colcon.colcon_core.package_identification:_identify(robot_manipulation/JAKA_control/jaka_ros2/src/jaka_pro18_moveit_config) by extensions ['ros']
[0.132s] Level 1:colcon.colcon_core.package_identification:_identify(robot_manipulation/JAKA_control/jaka_ros2/src/jaka_pro18_moveit_config) by extension 'ros'
[0.132s] DEBUG:colcon.colcon_core.package_identification:Package 'robot_manipulation/JAKA_control/jaka_ros2/src/jaka_pro18_moveit_config' with type 'ros.ament_cmake' and name 'jaka_pro18_moveit_config'
[0.132s] Level 1:colcon.colcon_core.package_identification:_identify(robot_manipulation/JAKA_control/jaka_ros2/src/jaka_pro5_moveit_config) by extensions ['ignore', 'ignore_ament_install']
[0.132s] Level 1:colcon.colcon_core.package_identification:_identify(robot_manipulation/JAKA_control/jaka_ros2/src/jaka_pro5_moveit_config) by extension 'ignore'
[0.132s] Level 1:colcon.colcon_core.package_identification:_identify(robot_manipulation/JAKA_control/jaka_ros2/src/jaka_pro5_moveit_config) by extension 'ignore_ament_install'
[0.132s] Level 1:colcon.colcon_core.package_identification:_identify(robot_manipulation/JAKA_control/jaka_ros2/src/jaka_pro5_moveit_config) by extensions ['colcon_pkg']
[0.132s] Level 1:colcon.colcon_core.package_identification:_identify(robot_manipulation/JAKA_control/jaka_ros2/src/jaka_pro5_moveit_config) by extension 'colcon_pkg'
[0.132s] Level 1:colcon.colcon_core.package_identification:_identify(robot_manipulation/JAKA_control/jaka_ros2/src/jaka_pro5_moveit_config) by extensions ['colcon_meta']
[0.132s] Level 1:colcon.colcon_core.package_identification:_identify(robot_manipulation/JAKA_control/jaka_ros2/src/jaka_pro5_moveit_config) by extension 'colcon_meta'
[0.132s] Level 1:colcon.colcon_core.package_identification:_identify(robot_manipulation/JAKA_control/jaka_ros2/src/jaka_pro5_moveit_config) by extensions ['ros']
[0.132s] Level 1:colcon.colcon_core.package_identification:_identify(robot_manipulation/JAKA_control/jaka_ros2/src/jaka_pro5_moveit_config) by extension 'ros'
[0.133s] DEBUG:colcon.colcon_core.package_identification:Package 'robot_manipulation/JAKA_control/jaka_ros2/src/jaka_pro5_moveit_config' with type 'ros.ament_cmake' and name 'jaka_pro5_moveit_config'
[0.133s] Level 1:colcon.colcon_core.package_identification:_identify(robot_manipulation/JAKA_control/jaka_ros2/src/jaka_pro7_moveit_config) by extensions ['ignore', 'ignore_ament_install']
[0.133s] Level 1:colcon.colcon_core.package_identification:_identify(robot_manipulation/JAKA_control/jaka_ros2/src/jaka_pro7_moveit_config) by extension 'ignore'
[0.133s] Level 1:colcon.colcon_core.package_identification:_identify(robot_manipulation/JAKA_control/jaka_ros2/src/jaka_pro7_moveit_config) by extension 'ignore_ament_install'
[0.133s] Level 1:colcon.colcon_core.package_identification:_identify(robot_manipulation/JAKA_control/jaka_ros2/src/jaka_pro7_moveit_config) by extensions ['colcon_pkg']
[0.133s] Level 1:colcon.colcon_core.package_identification:_identify(robot_manipulation/JAKA_control/jaka_ros2/src/jaka_pro7_moveit_config) by extension 'colcon_pkg'
[0.133s] Level 1:colcon.colcon_core.package_identification:_identify(robot_manipulation/JAKA_control/jaka_ros2/src/jaka_pro7_moveit_config) by extensions ['colcon_meta']
[0.133s] Level 1:colcon.colcon_core.package_identification:_identify(robot_manipulation/JAKA_control/jaka_ros2/src/jaka_pro7_moveit_config) by extension 'colcon_meta'
[0.133s] Level 1:colcon.colcon_core.package_identification:_identify(robot_manipulation/JAKA_control/jaka_ros2/src/jaka_pro7_moveit_config) by extensions ['ros']
[0.133s] Level 1:colcon.colcon_core.package_identification:_identify(robot_manipulation/JAKA_control/jaka_ros2/src/jaka_pro7_moveit_config) by extension 'ros'
[0.134s] DEBUG:colcon.colcon_core.package_identification:Package 'robot_manipulation/JAKA_control/jaka_ros2/src/jaka_pro7_moveit_config' with type 'ros.ament_cmake' and name 'jaka_pro7_moveit_config'
[0.134s] Level 1:colcon.colcon_core.package_identification:_identify(robot_manipulation/JAKA_control/jaka_ros2/src/jaka_s12_moveit_config) by extensions ['ignore', 'ignore_ament_install']
[0.134s] Level 1:colcon.colcon_core.package_identification:_identify(robot_manipulation/JAKA_control/jaka_ros2/src/jaka_s12_moveit_config) by extension 'ignore'
[0.134s] Level 1:colcon.colcon_core.package_identification:_identify(robot_manipulation/JAKA_control/jaka_ros2/src/jaka_s12_moveit_config) by extension 'ignore_ament_install'
[0.134s] Level 1:colcon.colcon_core.package_identification:_identify(robot_manipulation/JAKA_control/jaka_ros2/src/jaka_s12_moveit_config) by extensions ['colcon_pkg']
[0.134s] Level 1:colcon.colcon_core.package_identification:_identify(robot_manipulation/JAKA_control/jaka_ros2/src/jaka_s12_moveit_config) by extension 'colcon_pkg'
[0.134s] Level 1:colcon.colcon_core.package_identification:_identify(robot_manipulation/JAKA_control/jaka_ros2/src/jaka_s12_moveit_config) by extensions ['colcon_meta']
[0.134s] Level 1:colcon.colcon_core.package_identification:_identify(robot_manipulation/JAKA_control/jaka_ros2/src/jaka_s12_moveit_config) by extension 'colcon_meta'
[0.134s] Level 1:colcon.colcon_core.package_identification:_identify(robot_manipulation/JAKA_control/jaka_ros2/src/jaka_s12_moveit_config) by extensions ['ros']
[0.134s] Level 1:colcon.colcon_core.package_identification:_identify(robot_manipulation/JAKA_control/jaka_ros2/src/jaka_s12_moveit_config) by extension 'ros'
[0.134s] DEBUG:colcon.colcon_core.package_identification:Package 'robot_manipulation/JAKA_control/jaka_ros2/src/jaka_s12_moveit_config' with type 'ros.ament_cmake' and name 'jaka_s12_moveit_config'
[0.134s] Level 1:colcon.colcon_core.package_identification:_identify(robot_manipulation/JAKA_control/jaka_ros2/src/jaka_s5_moveit_config) by extensions ['ignore', 'ignore_ament_install']
[0.134s] Level 1:colcon.colcon_core.package_identification:_identify(robot_manipulation/JAKA_control/jaka_ros2/src/jaka_s5_moveit_config) by extension 'ignore'
[0.134s] Level 1:colcon.colcon_core.package_identification:_identify(robot_manipulation/JAKA_control/jaka_ros2/src/jaka_s5_moveit_config) by extension 'ignore_ament_install'
[0.134s] Level 1:colcon.colcon_core.package_identification:_identify(robot_manipulation/JAKA_control/jaka_ros2/src/jaka_s5_moveit_config) by extensions ['colcon_pkg']
[0.134s] Level 1:colcon.colcon_core.package_identification:_identify(robot_manipulation/JAKA_control/jaka_ros2/src/jaka_s5_moveit_config) by extension 'colcon_pkg'
[0.134s] Level 1:colcon.colcon_core.package_identification:_identify(robot_manipulation/JAKA_control/jaka_ros2/src/jaka_s5_moveit_config) by extensions ['colcon_meta']
[0.134s] Level 1:colcon.colcon_core.package_identification:_identify(robot_manipulation/JAKA_control/jaka_ros2/src/jaka_s5_moveit_config) by extension 'colcon_meta'
[0.135s] Level 1:colcon.colcon_core.package_identification:_identify(robot_manipulation/JAKA_control/jaka_ros2/src/jaka_s5_moveit_config) by extensions ['ros']
[0.135s] Level 1:colcon.colcon_core.package_identification:_identify(robot_manipulation/JAKA_control/jaka_ros2/src/jaka_s5_moveit_config) by extension 'ros'
[0.135s] DEBUG:colcon.colcon_core.package_identification:Package 'robot_manipulation/JAKA_control/jaka_ros2/src/jaka_s5_moveit_config' with type 'ros.ament_cmake' and name 'jaka_s5_moveit_config'
[0.135s] Level 1:colcon.colcon_core.package_identification:_identify(robot_manipulation/JAKA_control/jaka_ros2/src/jaka_s7_moveit_config) by extensions ['ignore', 'ignore_ament_install']
[0.135s] Level 1:colcon.colcon_core.package_identification:_identify(robot_manipulation/JAKA_control/jaka_ros2/src/jaka_s7_moveit_config) by extension 'ignore'
[0.135s] Level 1:colcon.colcon_core.package_identification:_identify(robot_manipulation/JAKA_control/jaka_ros2/src/jaka_s7_moveit_config) by extension 'ignore_ament_install'
[0.135s] Level 1:colcon.colcon_core.package_identification:_identify(robot_manipulation/JAKA_control/jaka_ros2/src/jaka_s7_moveit_config) by extensions ['colcon_pkg']
[0.135s] Level 1:colcon.colcon_core.package_identification:_identify(robot_manipulation/JAKA_control/jaka_ros2/src/jaka_s7_moveit_config) by extension 'colcon_pkg'
[0.135s] Level 1:colcon.colcon_core.package_identification:_identify(robot_manipulation/JAKA_control/jaka_ros2/src/jaka_s7_moveit_config) by extensions ['colcon_meta']
[0.135s] Level 1:colcon.colcon_core.package_identification:_identify(robot_manipulation/JAKA_control/jaka_ros2/src/jaka_s7_moveit_config) by extension 'colcon_meta'
[0.135s] Level 1:colcon.colcon_core.package_identification:_identify(robot_manipulation/JAKA_control/jaka_ros2/src/jaka_s7_moveit_config) by extensions ['ros']
[0.135s] Level 1:colcon.colcon_core.package_identification:_identify(robot_manipulation/JAKA_control/jaka_ros2/src/jaka_s7_moveit_config) by extension 'ros'
[0.136s] DEBUG:colcon.colcon_core.package_identification:Package 'robot_manipulation/JAKA_control/jaka_ros2/src/jaka_s7_moveit_config' with type 'ros.ament_cmake' and name 'jaka_s7_moveit_config'
[0.136s] Level 1:colcon.colcon_core.package_identification:_identify(robot_manipulation/JAKA_control/jaka_ros2/src/jaka_zu12_moveit_config) by extensions ['ignore', 'ignore_ament_install']
[0.136s] Level 1:colcon.colcon_core.package_identification:_identify(robot_manipulation/JAKA_control/jaka_ros2/src/jaka_zu12_moveit_config) by extension 'ignore'
[0.136s] Level 1:colcon.colcon_core.package_identification:_identify(robot_manipulation/JAKA_control/jaka_ros2/src/jaka_zu12_moveit_config) by extension 'ignore_ament_install'
[0.136s] Level 1:colcon.colcon_core.package_identification:_identify(robot_manipulation/JAKA_control/jaka_ros2/src/jaka_zu12_moveit_config) by extensions ['colcon_pkg']
[0.136s] Level 1:colcon.colcon_core.package_identification:_identify(robot_manipulation/JAKA_control/jaka_ros2/src/jaka_zu12_moveit_config) by extension 'colcon_pkg'
[0.136s] Level 1:colcon.colcon_core.package_identification:_identify(robot_manipulation/JAKA_control/jaka_ros2/src/jaka_zu12_moveit_config) by extensions ['colcon_meta']
[0.136s] Level 1:colcon.colcon_core.package_identification:_identify(robot_manipulation/JAKA_control/jaka_ros2/src/jaka_zu12_moveit_config) by extension 'colcon_meta'
[0.136s] Level 1:colcon.colcon_core.package_identification:_identify(robot_manipulation/JAKA_control/jaka_ros2/src/jaka_zu12_moveit_config) by extensions ['ros']
[0.136s] Level 1:colcon.colcon_core.package_identification:_identify(robot_manipulation/JAKA_control/jaka_ros2/src/jaka_zu12_moveit_config) by extension 'ros'
[0.136s] DEBUG:colcon.colcon_core.package_identification:Package 'robot_manipulation/JAKA_control/jaka_ros2/src/jaka_zu12_moveit_config' with type 'ros.ament_cmake' and name 'jaka_zu12_moveit_config'
[0.136s] Level 1:colcon.colcon_core.package_identification:_identify(robot_manipulation/JAKA_control/jaka_ros2/src/jaka_zu18_moveit_config) by extensions ['ignore', 'ignore_ament_install']
[0.136s] Level 1:colcon.colcon_core.package_identification:_identify(robot_manipulation/JAKA_control/jaka_ros2/src/jaka_zu18_moveit_config) by extension 'ignore'
[0.137s] Level 1:colcon.colcon_core.package_identification:_identify(robot_manipulation/JAKA_control/jaka_ros2/src/jaka_zu18_moveit_config) by extension 'ignore_ament_install'
[0.137s] Level 1:colcon.colcon_core.package_identification:_identify(robot_manipulation/JAKA_control/jaka_ros2/src/jaka_zu18_moveit_config) by extensions ['colcon_pkg']
[0.137s] Level 1:colcon.colcon_core.package_identification:_identify(robot_manipulation/JAKA_control/jaka_ros2/src/jaka_zu18_moveit_config) by extension 'colcon_pkg'
[0.137s] Level 1:colcon.colcon_core.package_identification:_identify(robot_manipulation/JAKA_control/jaka_ros2/src/jaka_zu18_moveit_config) by extensions ['colcon_meta']
[0.137s] Level 1:colcon.colcon_core.package_identification:_identify(robot_manipulation/JAKA_control/jaka_ros2/src/jaka_zu18_moveit_config) by extension 'colcon_meta'
[0.137s] Level 1:colcon.colcon_core.package_identification:_identify(robot_manipulation/JAKA_control/jaka_ros2/src/jaka_zu18_moveit_config) by extensions ['ros']
[0.137s] Level 1:colcon.colcon_core.package_identification:_identify(robot_manipulation/JAKA_control/jaka_ros2/src/jaka_zu18_moveit_config) by extension 'ros'
[0.137s] DEBUG:colcon.colcon_core.package_identification:Package 'robot_manipulation/JAKA_control/jaka_ros2/src/jaka_zu18_moveit_config' with type 'ros.ament_cmake' and name 'jaka_zu18_moveit_config'
[0.137s] Level 1:colcon.colcon_core.package_identification:_identify(robot_manipulation/JAKA_control/jaka_ros2/src/jaka_zu20_moveit_config) by extensions ['ignore', 'ignore_ament_install']
[0.137s] Level 1:colcon.colcon_core.package_identification:_identify(robot_manipulation/JAKA_control/jaka_ros2/src/jaka_zu20_moveit_config) by extension 'ignore'
[0.137s] Level 1:colcon.colcon_core.package_identification:_identify(robot_manipulation/JAKA_control/jaka_ros2/src/jaka_zu20_moveit_config) by extension 'ignore_ament_install'
[0.137s] Level 1:colcon.colcon_core.package_identification:_identify(robot_manipulation/JAKA_control/jaka_ros2/src/jaka_zu20_moveit_config) by extensions ['colcon_pkg']
[0.137s] Level 1:colcon.colcon_core.package_identification:_identify(robot_manipulation/JAKA_control/jaka_ros2/src/jaka_zu20_moveit_config) by extension 'colcon_pkg'
[0.137s] Level 1:colcon.colcon_core.package_identification:_identify(robot_manipulation/JAKA_control/jaka_ros2/src/jaka_zu20_moveit_config) by extensions ['colcon_meta']
[0.137s] Level 1:colcon.colcon_core.package_identification:_identify(robot_manipulation/JAKA_control/jaka_ros2/src/jaka_zu20_moveit_config) by extension 'colcon_meta'
[0.137s] Level 1:colcon.colcon_core.package_identification:_identify(robot_manipulation/JAKA_control/jaka_ros2/src/jaka_zu20_moveit_config) by extensions ['ros']
[0.137s] Level 1:colcon.colcon_core.package_identification:_identify(robot_manipulation/JAKA_control/jaka_ros2/src/jaka_zu20_moveit_config) by extension 'ros'
[0.138s] DEBUG:colcon.colcon_core.package_identification:Package 'robot_manipulation/JAKA_control/jaka_ros2/src/jaka_zu20_moveit_config' with type 'ros.ament_cmake' and name 'jaka_zu20_moveit_config'
[0.138s] Level 1:colcon.colcon_core.package_identification:_identify(robot_manipulation/JAKA_control/jaka_ros2/src/jaka_zu30_moveit_config) by extensions ['ignore', 'ignore_ament_install']
[0.138s] Level 1:colcon.colcon_core.package_identification:_identify(robot_manipulation/JAKA_control/jaka_ros2/src/jaka_zu30_moveit_config) by extension 'ignore'
[0.138s] Level 1:colcon.colcon_core.package_identification:_identify(robot_manipulation/JAKA_control/jaka_ros2/src/jaka_zu30_moveit_config) by extension 'ignore_ament_install'
[0.138s] Level 1:colcon.colcon_core.package_identification:_identify(robot_manipulation/JAKA_control/jaka_ros2/src/jaka_zu30_moveit_config) by extensions ['colcon_pkg']
[0.138s] Level 1:colcon.colcon_core.package_identification:_identify(robot_manipulation/JAKA_control/jaka_ros2/src/jaka_zu30_moveit_config) by extension 'colcon_pkg'
[0.138s] Level 1:colcon.colcon_core.package_identification:_identify(robot_manipulation/JAKA_control/jaka_ros2/src/jaka_zu30_moveit_config) by extensions ['colcon_meta']
[0.138s] Level 1:colcon.colcon_core.package_identification:_identify(robot_manipulation/JAKA_control/jaka_ros2/src/jaka_zu30_moveit_config) by extension 'colcon_meta'
[0.138s] Level 1:colcon.colcon_core.package_identification:_identify(robot_manipulation/JAKA_control/jaka_ros2/src/jaka_zu30_moveit_config) by extensions ['ros']
[0.138s] Level 1:colcon.colcon_core.package_identification:_identify(robot_manipulation/JAKA_control/jaka_ros2/src/jaka_zu30_moveit_config) by extension 'ros'
[0.139s] DEBUG:colcon.colcon_core.package_identification:Package 'robot_manipulation/JAKA_control/jaka_ros2/src/jaka_zu30_moveit_config' with type 'ros.ament_cmake' and name 'jaka_zu30_moveit_config'
[0.139s] Level 1:colcon.colcon_core.package_identification:_identify(robot_manipulation/JAKA_control/jaka_ros2/src/jaka_zu3_moveit_config) by extensions ['ignore', 'ignore_ament_install']
[0.139s] Level 1:colcon.colcon_core.package_identification:_identify(robot_manipulation/JAKA_control/jaka_ros2/src/jaka_zu3_moveit_config) by extension 'ignore'
[0.139s] Level 1:colcon.colcon_core.package_identification:_identify(robot_manipulation/JAKA_control/jaka_ros2/src/jaka_zu3_moveit_config) by extension 'ignore_ament_install'
[0.139s] Level 1:colcon.colcon_core.package_identification:_identify(robot_manipulation/JAKA_control/jaka_ros2/src/jaka_zu3_moveit_config) by extensions ['colcon_pkg']
[0.139s] Level 1:colcon.colcon_core.package_identification:_identify(robot_manipulation/JAKA_control/jaka_ros2/src/jaka_zu3_moveit_config) by extension 'colcon_pkg'
[0.139s] Level 1:colcon.colcon_core.package_identification:_identify(robot_manipulation/JAKA_control/jaka_ros2/src/jaka_zu3_moveit_config) by extensions ['colcon_meta']
[0.139s] Level 1:colcon.colcon_core.package_identification:_identify(robot_manipulation/JAKA_control/jaka_ros2/src/jaka_zu3_moveit_config) by extension 'colcon_meta'
[0.139s] Level 1:colcon.colcon_core.package_identification:_identify(robot_manipulation/JAKA_control/jaka_ros2/src/jaka_zu3_moveit_config) by extensions ['ros']
[0.139s] Level 1:colcon.colcon_core.package_identification:_identify(robot_manipulation/JAKA_control/jaka_ros2/src/jaka_zu3_moveit_config) by extension 'ros'
[0.139s] DEBUG:colcon.colcon_core.package_identification:Package 'robot_manipulation/JAKA_control/jaka_ros2/src/jaka_zu3_moveit_config' with type 'ros.ament_cmake' and name 'jaka_zu3_moveit_config'
[0.139s] Level 1:colcon.colcon_core.package_identification:_identify(robot_manipulation/JAKA_control/jaka_ros2/src/jaka_zu5_moveit_config) by extensions ['ignore', 'ignore_ament_install']
[0.139s] Level 1:colcon.colcon_core.package_identification:_identify(robot_manipulation/JAKA_control/jaka_ros2/src/jaka_zu5_moveit_config) by extension 'ignore'
[0.139s] Level 1:colcon.colcon_core.package_identification:_identify(robot_manipulation/JAKA_control/jaka_ros2/src/jaka_zu5_moveit_config) by extension 'ignore_ament_install'
[0.139s] Level 1:colcon.colcon_core.package_identification:_identify(robot_manipulation/JAKA_control/jaka_ros2/src/jaka_zu5_moveit_config) by extensions ['colcon_pkg']
[0.139s] Level 1:colcon.colcon_core.package_identification:_identify(robot_manipulation/JAKA_control/jaka_ros2/src/jaka_zu5_moveit_config) by extension 'colcon_pkg'
[0.139s] Level 1:colcon.colcon_core.package_identification:_identify(robot_manipulation/JAKA_control/jaka_ros2/src/jaka_zu5_moveit_config) by extensions ['colcon_meta']
[0.139s] Level 1:colcon.colcon_core.package_identification:_identify(robot_manipulation/JAKA_control/jaka_ros2/src/jaka_zu5_moveit_config) by extension 'colcon_meta'
[0.139s] Level 1:colcon.colcon_core.package_identification:_identify(robot_manipulation/JAKA_control/jaka_ros2/src/jaka_zu5_moveit_config) by extensions ['ros']
[0.139s] Level 1:colcon.colcon_core.package_identification:_identify(robot_manipulation/JAKA_control/jaka_ros2/src/jaka_zu5_moveit_config) by extension 'ros'
[0.140s] DEBUG:colcon.colcon_core.package_identification:Package 'robot_manipulation/JAKA_control/jaka_ros2/src/jaka_zu5_moveit_config' with type 'ros.ament_cmake' and name 'jaka_zu5_moveit_config'
[0.140s] Level 1:colcon.colcon_core.package_identification:_identify(robot_manipulation/JAKA_control/jaka_ros2/src/jaka_zu7_moveit_config) by extensions ['ignore', 'ignore_ament_install']
[0.140s] Level 1:colcon.colcon_core.package_identification:_identify(robot_manipulation/JAKA_control/jaka_ros2/src/jaka_zu7_moveit_config) by extension 'ignore'
[0.140s] Level 1:colcon.colcon_core.package_identification:_identify(robot_manipulation/JAKA_control/jaka_ros2/src/jaka_zu7_moveit_config) by extension 'ignore_ament_install'
[0.140s] Level 1:colcon.colcon_core.package_identification:_identify(robot_manipulation/JAKA_control/jaka_ros2/src/jaka_zu7_moveit_config) by extensions ['colcon_pkg']
[0.140s] Level 1:colcon.colcon_core.package_identification:_identify(robot_manipulation/JAKA_control/jaka_ros2/src/jaka_zu7_moveit_config) by extension 'colcon_pkg'
[0.140s] Level 1:colcon.colcon_core.package_identification:_identify(robot_manipulation/JAKA_control/jaka_ros2/src/jaka_zu7_moveit_config) by extensions ['colcon_meta']
[0.140s] Level 1:colcon.colcon_core.package_identification:_identify(robot_manipulation/JAKA_control/jaka_ros2/src/jaka_zu7_moveit_config) by extension 'colcon_meta'
[0.140s] Level 1:colcon.colcon_core.package_identification:_identify(robot_manipulation/JAKA_control/jaka_ros2/src/jaka_zu7_moveit_config) by extensions ['ros']
[0.140s] Level 1:colcon.colcon_core.package_identification:_identify(robot_manipulation/JAKA_control/jaka_ros2/src/jaka_zu7_moveit_config) by extension 'ros'
[0.141s] DEBUG:colcon.colcon_core.package_identification:Package 'robot_manipulation/JAKA_control/jaka_ros2/src/jaka_zu7_moveit_config' with type 'ros.ament_cmake' and name 'jaka_zu7_moveit_config'
[0.141s] Level 1:colcon.colcon_core.package_identification:_identify(robot_manipulation/JAKA_control/jaka_ros2/src/log) by extensions ['ignore', 'ignore_ament_install']
[0.141s] Level 1:colcon.colcon_core.package_identification:_identify(robot_manipulation/JAKA_control/jaka_ros2/src/log) by extension 'ignore'
[0.141s] Level 1:colcon.colcon_core.package_identification:_identify(robot_manipulation/JAKA_control/jaka_ros2/src/log) ignored
[0.141s] Level 1:colcon.colcon_core.package_identification:_identify(robot_manipulation/JAKA_control/jk_scripts) by extensions ['ignore', 'ignore_ament_install']
[0.141s] Level 1:colcon.colcon_core.package_identification:_identify(robot_manipulation/JAKA_control/jk_scripts) by extension 'ignore'
[0.141s] Level 1:colcon.colcon_core.package_identification:_identify(robot_manipulation/JAKA_control/jk_scripts) by extension 'ignore_ament_install'
[0.141s] Level 1:colcon.colcon_core.package_identification:_identify(robot_manipulation/JAKA_control/jk_scripts) by extensions ['colcon_pkg']
[0.141s] Level 1:colcon.colcon_core.package_identification:_identify(robot_manipulation/JAKA_control/jk_scripts) by extension 'colcon_pkg'
[0.141s] Level 1:colcon.colcon_core.package_identification:_identify(robot_manipulation/JAKA_control/jk_scripts) by extensions ['colcon_meta']
[0.141s] Level 1:colcon.colcon_core.package_identification:_identify(robot_manipulation/JAKA_control/jk_scripts) by extension 'colcon_meta'
[0.141s] Level 1:colcon.colcon_core.package_identification:_identify(robot_manipulation/JAKA_control/jk_scripts) by extensions ['ros']
[0.141s] Level 1:colcon.colcon_core.package_identification:_identify(robot_manipulation/JAKA_control/jk_scripts) by extension 'ros'
[0.141s] Level 1:colcon.colcon_core.package_identification:_identify(robot_manipulation/JAKA_control/jk_scripts) by extensions ['cmake', 'python']
[0.141s] Level 1:colcon.colcon_core.package_identification:_identify(robot_manipulation/JAKA_control/jk_scripts) by extension 'cmake'
[0.141s] Level 1:colcon.colcon_core.package_identification:_identify(robot_manipulation/JAKA_control/jk_scripts) by extension 'python'
[0.141s] Level 1:colcon.colcon_core.package_identification:_identify(robot_manipulation/JAKA_control/jk_scripts) by extensions ['python_setup_py']
[0.141s] Level 1:colcon.colcon_core.package_identification:_identify(robot_manipulation/JAKA_control/jk_scripts) by extension 'python_setup_py'
[0.141s] Level 1:colcon.colcon_core.package_identification:_identify(robot_manipulation/build) by extensions ['ignore', 'ignore_ament_install']
[0.141s] Level 1:colcon.colcon_core.package_identification:_identify(robot_manipulation/build) by extension 'ignore'
[0.141s] Level 1:colcon.colcon_core.package_identification:_identify(robot_manipulation/build) ignored
[0.141s] Level 1:colcon.colcon_core.package_identification:_identify(robot_manipulation/install) by extensions ['ignore', 'ignore_ament_install']
[0.141s] Level 1:colcon.colcon_core.package_identification:_identify(robot_manipulation/install) by extension 'ignore'
[0.141s] Level 1:colcon.colcon_core.package_identification:_identify(robot_manipulation/install) ignored
[0.141s] Level 1:colcon.colcon_core.package_identification:_identify(robot_manipulation/log) by extensions ['ignore', 'ignore_ament_install']
[0.142s] Level 1:colcon.colcon_core.package_identification:_identify(robot_manipulation/log) by extension 'ignore'
[0.142s] Level 1:colcon.colcon_core.package_identification:_identify(robot_manipulation/log) ignored
[0.142s] Level 1:colcon.colcon_core.package_identification:_identify(robot_manipulation/orca_control) by extensions ['ignore', 'ignore_ament_install']
[0.142s] Level 1:colcon.colcon_core.package_identification:_identify(robot_manipulation/orca_control) by extension 'ignore'
[0.142s] Level 1:colcon.colcon_core.package_identification:_identify(robot_manipulation/orca_control) by extension 'ignore_ament_install'
[0.142s] Level 1:colcon.colcon_core.package_identification:_identify(robot_manipulation/orca_control) by extensions ['colcon_pkg']
[0.142s] Level 1:colcon.colcon_core.package_identification:_identify(robot_manipulation/orca_control) by extension 'colcon_pkg'
[0.142s] Level 1:colcon.colcon_core.package_identification:_identify(robot_manipulation/orca_control) by extensions ['colcon_meta']
[0.142s] Level 1:colcon.colcon_core.package_identification:_identify(robot_manipulation/orca_control) by extension 'colcon_meta'
[0.142s] Level 1:colcon.colcon_core.package_identification:_identify(robot_manipulation/orca_control) by extensions ['ros']
[0.142s] Level 1:colcon.colcon_core.package_identification:_identify(robot_manipulation/orca_control) by extension 'ros'
[0.142s] Level 1:colcon.colcon_core.package_identification:_identify(robot_manipulation/orca_control) by extensions ['cmake', 'python']
[0.142s] Level 1:colcon.colcon_core.package_identification:_identify(robot_manipulation/orca_control) by extension 'cmake'
[0.142s] Level 1:colcon.colcon_core.package_identification:_identify(robot_manipulation/orca_control) by extension 'python'
[0.142s] Level 1:colcon.colcon_core.package_identification:_identify(robot_manipulation/orca_control) by extensions ['python_setup_py']
[0.142s] Level 1:colcon.colcon_core.package_identification:_identify(robot_manipulation/orca_control) by extension 'python_setup_py'
[0.142s] Level 1:colcon.colcon_core.package_identification:_identify(robot_manipulation/orca_control/orca_dependencies) by extensions ['ignore', 'ignore_ament_install']
[0.142s] Level 1:colcon.colcon_core.package_identification:_identify(robot_manipulation/orca_control/orca_dependencies) by extension 'ignore'
[0.142s] Level 1:colcon.colcon_core.package_identification:_identify(robot_manipulation/orca_control/orca_dependencies) by extension 'ignore_ament_install'
[0.142s] Level 1:colcon.colcon_core.package_identification:_identify(robot_manipulation/orca_control/orca_dependencies) by extensions ['colcon_pkg']
[0.142s] Level 1:colcon.colcon_core.package_identification:_identify(robot_manipulation/orca_control/orca_dependencies) by extension 'colcon_pkg'
[0.142s] Level 1:colcon.colcon_core.package_identification:_identify(robot_manipulation/orca_control/orca_dependencies) by extensions ['colcon_meta']
[0.142s] Level 1:colcon.colcon_core.package_identification:_identify(robot_manipulation/orca_control/orca_dependencies) by extension 'colcon_meta'
[0.142s] Level 1:colcon.colcon_core.package_identification:_identify(robot_manipulation/orca_control/orca_dependencies) by extensions ['ros']
[0.142s] Level 1:colcon.colcon_core.package_identification:_identify(robot_manipulation/orca_control/orca_dependencies) by extension 'ros'
[0.142s] Level 1:colcon.colcon_core.package_identification:_identify(robot_manipulation/orca_control/orca_dependencies) by extensions ['cmake', 'python']
[0.142s] Level 1:colcon.colcon_core.package_identification:_identify(robot_manipulation/orca_control/orca_dependencies) by extension 'cmake'
[0.142s] Level 1:colcon.colcon_core.package_identification:_identify(robot_manipulation/orca_control/orca_dependencies) by extension 'python'
[0.142s] Level 1:colcon.colcon_core.package_identification:_identify(robot_manipulation/orca_control/orca_dependencies) by extensions ['python_setup_py']
[0.142s] Level 1:colcon.colcon_core.package_identification:_identify(robot_manipulation/orca_control/orca_dependencies) by extension 'python_setup_py'
[0.142s] Level 1:colcon.colcon_core.package_identification:_identify(robot_manipulation/orca_control/orca_dependencies/demo) by extensions ['ignore', 'ignore_ament_install']
[0.142s] Level 1:colcon.colcon_core.package_identification:_identify(robot_manipulation/orca_control/orca_dependencies/demo) by extension 'ignore'
[0.142s] Level 1:colcon.colcon_core.package_identification:_identify(robot_manipulation/orca_control/orca_dependencies/demo) by extension 'ignore_ament_install'
[0.142s] Level 1:colcon.colcon_core.package_identification:_identify(robot_manipulation/orca_control/orca_dependencies/demo) by extensions ['colcon_pkg']
[0.142s] Level 1:colcon.colcon_core.package_identification:_identify(robot_manipulation/orca_control/orca_dependencies/demo) by extension 'colcon_pkg'
[0.142s] Level 1:colcon.colcon_core.package_identification:_identify(robot_manipulation/orca_control/orca_dependencies/demo) by extensions ['colcon_meta']
[0.142s] Level 1:colcon.colcon_core.package_identification:_identify(robot_manipulation/orca_control/orca_dependencies/demo) by extension 'colcon_meta'
[0.142s] Level 1:colcon.colcon_core.package_identification:_identify(robot_manipulation/orca_control/orca_dependencies/demo) by extensions ['ros']
[0.143s] Level 1:colcon.colcon_core.package_identification:_identify(robot_manipulation/orca_control/orca_dependencies/demo) by extension 'ros'
[0.143s] Level 1:colcon.colcon_core.package_identification:_identify(robot_manipulation/orca_control/orca_dependencies/demo) by extensions ['cmake', 'python']
[0.143s] Level 1:colcon.colcon_core.package_identification:_identify(robot_manipulation/orca_control/orca_dependencies/demo) by extension 'cmake'
[0.143s] Level 1:colcon.colcon_core.package_identification:_identify(robot_manipulation/orca_control/orca_dependencies/demo) by extension 'python'
[0.143s] Level 1:colcon.colcon_core.package_identification:_identify(robot_manipulation/orca_control/orca_dependencies/demo) by extensions ['python_setup_py']
[0.143s] Level 1:colcon.colcon_core.package_identification:_identify(robot_manipulation/orca_control/orca_dependencies/demo) by extension 'python_setup_py'
[0.143s] Level 1:colcon.colcon_core.package_identification:_identify(robot_manipulation/orca_control/orca_dependencies/docs) by extensions ['ignore', 'ignore_ament_install']
[0.143s] Level 1:colcon.colcon_core.package_identification:_identify(robot_manipulation/orca_control/orca_dependencies/docs) by extension 'ignore'
[0.143s] Level 1:colcon.colcon_core.package_identification:_identify(robot_manipulation/orca_control/orca_dependencies/docs) by extension 'ignore_ament_install'
[0.143s] Level 1:colcon.colcon_core.package_identification:_identify(robot_manipulation/orca_control/orca_dependencies/docs) by extensions ['colcon_pkg']
[0.143s] Level 1:colcon.colcon_core.package_identification:_identify(robot_manipulation/orca_control/orca_dependencies/docs) by extension 'colcon_pkg'
[0.143s] Level 1:colcon.colcon_core.package_identification:_identify(robot_manipulation/orca_control/orca_dependencies/docs) by extensions ['colcon_meta']
[0.143s] Level 1:colcon.colcon_core.package_identification:_identify(robot_manipulation/orca_control/orca_dependencies/docs) by extension 'colcon_meta'
[0.143s] Level 1:colcon.colcon_core.package_identification:_identify(robot_manipulation/orca_control/orca_dependencies/docs) by extensions ['ros']
[0.143s] Level 1:colcon.colcon_core.package_identification:_identify(robot_manipulation/orca_control/orca_dependencies/docs) by extension 'ros'
[0.143s] Level 1:colcon.colcon_core.package_identification:_identify(robot_manipulation/orca_control/orca_dependencies/docs) by extensions ['cmake', 'python']
[0.143s] Level 1:colcon.colcon_core.package_identification:_identify(robot_manipulation/orca_control/orca_dependencies/docs) by extension 'cmake'
[0.143s] Level 1:colcon.colcon_core.package_identification:_identify(robot_manipulation/orca_control/orca_dependencies/docs) by extension 'python'
[0.143s] Level 1:colcon.colcon_core.package_identification:_identify(robot_manipulation/orca_control/orca_dependencies/docs) by extensions ['python_setup_py']
[0.143s] Level 1:colcon.colcon_core.package_identification:_identify(robot_manipulation/orca_control/orca_dependencies/docs) by extension 'python_setup_py'
[0.143s] Level 1:colcon.colcon_core.package_identification:_identify(robot_manipulation/orca_control/orca_dependencies/docs/css) by extensions ['ignore', 'ignore_ament_install']
[0.143s] Level 1:colcon.colcon_core.package_identification:_identify(robot_manipulation/orca_control/orca_dependencies/docs/css) by extension 'ignore'
[0.143s] Level 1:colcon.colcon_core.package_identification:_identify(robot_manipulation/orca_control/orca_dependencies/docs/css) by extension 'ignore_ament_install'
[0.143s] Level 1:colcon.colcon_core.package_identification:_identify(robot_manipulation/orca_control/orca_dependencies/docs/css) by extensions ['colcon_pkg']
[0.143s] Level 1:colcon.colcon_core.package_identification:_identify(robot_manipulation/orca_control/orca_dependencies/docs/css) by extension 'colcon_pkg'
[0.143s] Level 1:colcon.colcon_core.package_identification:_identify(robot_manipulation/orca_control/orca_dependencies/docs/css) by extensions ['colcon_meta']
[0.143s] Level 1:colcon.colcon_core.package_identification:_identify(robot_manipulation/orca_control/orca_dependencies/docs/css) by extension 'colcon_meta'
[0.143s] Level 1:colcon.colcon_core.package_identification:_identify(robot_manipulation/orca_control/orca_dependencies/docs/css) by extensions ['ros']
[0.143s] Level 1:colcon.colcon_core.package_identification:_identify(robot_manipulation/orca_control/orca_dependencies/docs/css) by extension 'ros'
[0.143s] Level 1:colcon.colcon_core.package_identification:_identify(robot_manipulation/orca_control/orca_dependencies/docs/css) by extensions ['cmake', 'python']
[0.143s] Level 1:colcon.colcon_core.package_identification:_identify(robot_manipulation/orca_control/orca_dependencies/docs/css) by extension 'cmake'
[0.143s] Level 1:colcon.colcon_core.package_identification:_identify(robot_manipulation/orca_control/orca_dependencies/docs/css) by extension 'python'
[0.143s] Level 1:colcon.colcon_core.package_identification:_identify(robot_manipulation/orca_control/orca_dependencies/docs/css) by extensions ['python_setup_py']
[0.143s] Level 1:colcon.colcon_core.package_identification:_identify(robot_manipulation/orca_control/orca_dependencies/docs/css) by extension 'python_setup_py'
[0.144s] Level 1:colcon.colcon_core.package_identification:_identify(robot_manipulation/orca_control/orca_dependencies/docs/img) by extensions ['ignore', 'ignore_ament_install']
[0.144s] Level 1:colcon.colcon_core.package_identification:_identify(robot_manipulation/orca_control/orca_dependencies/docs/img) by extension 'ignore'
[0.144s] Level 1:colcon.colcon_core.package_identification:_identify(robot_manipulation/orca_control/orca_dependencies/docs/img) by extension 'ignore_ament_install'
[0.144s] Level 1:colcon.colcon_core.package_identification:_identify(robot_manipulation/orca_control/orca_dependencies/docs/img) by extensions ['colcon_pkg']
[0.144s] Level 1:colcon.colcon_core.package_identification:_identify(robot_manipulation/orca_control/orca_dependencies/docs/img) by extension 'colcon_pkg'
[0.144s] Level 1:colcon.colcon_core.package_identification:_identify(robot_manipulation/orca_control/orca_dependencies/docs/img) by extensions ['colcon_meta']
[0.144s] Level 1:colcon.colcon_core.package_identification:_identify(robot_manipulation/orca_control/orca_dependencies/docs/img) by extension 'colcon_meta'
[0.144s] Level 1:colcon.colcon_core.package_identification:_identify(robot_manipulation/orca_control/orca_dependencies/docs/img) by extensions ['ros']
[0.144s] Level 1:colcon.colcon_core.package_identification:_identify(robot_manipulation/orca_control/orca_dependencies/docs/img) by extension 'ros'
[0.144s] Level 1:colcon.colcon_core.package_identification:_identify(robot_manipulation/orca_control/orca_dependencies/docs/img) by extensions ['cmake', 'python']
[0.144s] Level 1:colcon.colcon_core.package_identification:_identify(robot_manipulation/orca_control/orca_dependencies/docs/img) by extension 'cmake'
[0.144s] Level 1:colcon.colcon_core.package_identification:_identify(robot_manipulation/orca_control/orca_dependencies/docs/img) by extension 'python'
[0.144s] Level 1:colcon.colcon_core.package_identification:_identify(robot_manipulation/orca_control/orca_dependencies/docs/img) by extensions ['python_setup_py']
[0.144s] Level 1:colcon.colcon_core.package_identification:_identify(robot_manipulation/orca_control/orca_dependencies/docs/img) by extension 'python_setup_py'
[0.144s] Level 1:colcon.colcon_core.package_identification:_identify(robot_manipulation/orca_control/orca_dependencies/docs/pages) by extensions ['ignore', 'ignore_ament_install']
[0.144s] Level 1:colcon.colcon_core.package_identification:_identify(robot_manipulation/orca_control/orca_dependencies/docs/pages) by extension 'ignore'
[0.144s] Level 1:colcon.colcon_core.package_identification:_identify(robot_manipulation/orca_control/orca_dependencies/docs/pages) by extension 'ignore_ament_install'
[0.144s] Level 1:colcon.colcon_core.package_identification:_identify(robot_manipulation/orca_control/orca_dependencies/docs/pages) by extensions ['colcon_pkg']
[0.144s] Level 1:colcon.colcon_core.package_identification:_identify(robot_manipulation/orca_control/orca_dependencies/docs/pages) by extension 'colcon_pkg'
[0.144s] Level 1:colcon.colcon_core.package_identification:_identify(robot_manipulation/orca_control/orca_dependencies/docs/pages) by extensions ['colcon_meta']
[0.144s] Level 1:colcon.colcon_core.package_identification:_identify(robot_manipulation/orca_control/orca_dependencies/docs/pages) by extension 'colcon_meta'
[0.144s] Level 1:colcon.colcon_core.package_identification:_identify(robot_manipulation/orca_control/orca_dependencies/docs/pages) by extensions ['ros']
[0.144s] Level 1:colcon.colcon_core.package_identification:_identify(robot_manipulation/orca_control/orca_dependencies/docs/pages) by extension 'ros'
[0.144s] Level 1:colcon.colcon_core.package_identification:_identify(robot_manipulation/orca_control/orca_dependencies/docs/pages) by extensions ['cmake', 'python']
[0.144s] Level 1:colcon.colcon_core.package_identification:_identify(robot_manipulation/orca_control/orca_dependencies/docs/pages) by extension 'cmake'
[0.144s] Level 1:colcon.colcon_core.package_identification:_identify(robot_manipulation/orca_control/orca_dependencies/docs/pages) by extension 'python'
[0.144s] Level 1:colcon.colcon_core.package_identification:_identify(robot_manipulation/orca_control/orca_dependencies/docs/pages) by extensions ['python_setup_py']
[0.144s] Level 1:colcon.colcon_core.package_identification:_identify(robot_manipulation/orca_control/orca_dependencies/docs/pages) by extension 'python_setup_py'
[0.144s] Level 1:colcon.colcon_core.package_identification:_identify(robot_manipulation/orca_control/orca_dependencies/docs/pages/getting-started-docs) by extensions ['ignore', 'ignore_ament_install']
[0.144s] Level 1:colcon.colcon_core.package_identification:_identify(robot_manipulation/orca_control/orca_dependencies/docs/pages/getting-started-docs) by extension 'ignore'
[0.144s] Level 1:colcon.colcon_core.package_identification:_identify(robot_manipulation/orca_control/orca_dependencies/docs/pages/getting-started-docs) by extension 'ignore_ament_install'
[0.144s] Level 1:colcon.colcon_core.package_identification:_identify(robot_manipulation/orca_control/orca_dependencies/docs/pages/getting-started-docs) by extensions ['colcon_pkg']
[0.144s] Level 1:colcon.colcon_core.package_identification:_identify(robot_manipulation/orca_control/orca_dependencies/docs/pages/getting-started-docs) by extension 'colcon_pkg'
[0.144s] Level 1:colcon.colcon_core.package_identification:_identify(robot_manipulation/orca_control/orca_dependencies/docs/pages/getting-started-docs) by extensions ['colcon_meta']
[0.144s] Level 1:colcon.colcon_core.package_identification:_identify(robot_manipulation/orca_control/orca_dependencies/docs/pages/getting-started-docs) by extension 'colcon_meta'
[0.144s] Level 1:colcon.colcon_core.package_identification:_identify(robot_manipulation/orca_control/orca_dependencies/docs/pages/getting-started-docs) by extensions ['ros']
[0.144s] Level 1:colcon.colcon_core.package_identification:_identify(robot_manipulation/orca_control/orca_dependencies/docs/pages/getting-started-docs) by extension 'ros'
[0.145s] Level 1:colcon.colcon_core.package_identification:_identify(robot_manipulation/orca_control/orca_dependencies/docs/pages/getting-started-docs) by extensions ['cmake', 'python']
[0.145s] Level 1:colcon.colcon_core.package_identification:_identify(robot_manipulation/orca_control/orca_dependencies/docs/pages/getting-started-docs) by extension 'cmake'
[0.145s] Level 1:colcon.colcon_core.package_identification:_identify(robot_manipulation/orca_control/orca_dependencies/docs/pages/getting-started-docs) by extension 'python'
[0.145s] Level 1:colcon.colcon_core.package_identification:_identify(robot_manipulation/orca_control/orca_dependencies/docs/pages/getting-started-docs) by extensions ['python_setup_py']
[0.145s] Level 1:colcon.colcon_core.package_identification:_identify(robot_manipulation/orca_control/orca_dependencies/docs/pages/getting-started-docs) by extension 'python_setup_py'
[0.145s] Level 1:colcon.colcon_core.package_identification:_identify(robot_manipulation/orca_control/orca_dependencies/docs/pages/orca-core-docs) by extensions ['ignore', 'ignore_ament_install']
[0.145s] Level 1:colcon.colcon_core.package_identification:_identify(robot_manipulation/orca_control/orca_dependencies/docs/pages/orca-core-docs) by extension 'ignore'
[0.145s] Level 1:colcon.colcon_core.package_identification:_identify(robot_manipulation/orca_control/orca_dependencies/docs/pages/orca-core-docs) by extension 'ignore_ament_install'
[0.145s] Level 1:colcon.colcon_core.package_identification:_identify(robot_manipulation/orca_control/orca_dependencies/docs/pages/orca-core-docs) by extensions ['colcon_pkg']
[0.145s] Level 1:colcon.colcon_core.package_identification:_identify(robot_manipulation/orca_control/orca_dependencies/docs/pages/orca-core-docs) by extension 'colcon_pkg'
[0.145s] Level 1:colcon.colcon_core.package_identification:_identify(robot_manipulation/orca_control/orca_dependencies/docs/pages/orca-core-docs) by extensions ['colcon_meta']
[0.145s] Level 1:colcon.colcon_core.package_identification:_identify(robot_manipulation/orca_control/orca_dependencies/docs/pages/orca-core-docs) by extension 'colcon_meta'
[0.145s] Level 1:colcon.colcon_core.package_identification:_identify(robot_manipulation/orca_control/orca_dependencies/docs/pages/orca-core-docs) by extensions ['ros']
[0.145s] Level 1:colcon.colcon_core.package_identification:_identify(robot_manipulation/orca_control/orca_dependencies/docs/pages/orca-core-docs) by extension 'ros'
[0.145s] Level 1:colcon.colcon_core.package_identification:_identify(robot_manipulation/orca_control/orca_dependencies/docs/pages/orca-core-docs) by extensions ['cmake', 'python']
[0.145s] Level 1:colcon.colcon_core.package_identification:_identify(robot_manipulation/orca_control/orca_dependencies/docs/pages/orca-core-docs) by extension 'cmake'
[0.145s] Level 1:colcon.colcon_core.package_identification:_identify(robot_manipulation/orca_control/orca_dependencies/docs/pages/orca-core-docs) by extension 'python'
[0.145s] Level 1:colcon.colcon_core.package_identification:_identify(robot_manipulation/orca_control/orca_dependencies/docs/pages/orca-core-docs) by extensions ['python_setup_py']
[0.145s] Level 1:colcon.colcon_core.package_identification:_identify(robot_manipulation/orca_control/orca_dependencies/docs/pages/orca-core-docs) by extension 'python_setup_py'
[0.145s] Level 1:colcon.colcon_core.package_identification:_identify(robot_manipulation/orca_control/orca_dependencies/orca_core) by extensions ['ignore', 'ignore_ament_install']
[0.145s] Level 1:colcon.colcon_core.package_identification:_identify(robot_manipulation/orca_control/orca_dependencies/orca_core) by extension 'ignore'
[0.145s] Level 1:colcon.colcon_core.package_identification:_identify(robot_manipulation/orca_control/orca_dependencies/orca_core) by extension 'ignore_ament_install'
[0.145s] Level 1:colcon.colcon_core.package_identification:_identify(robot_manipulation/orca_control/orca_dependencies/orca_core) by extensions ['colcon_pkg']
[0.145s] Level 1:colcon.colcon_core.package_identification:_identify(robot_manipulation/orca_control/orca_dependencies/orca_core) by extension 'colcon_pkg'
[0.145s] Level 1:colcon.colcon_core.package_identification:_identify(robot_manipulation/orca_control/orca_dependencies/orca_core) by extensions ['colcon_meta']
[0.145s] Level 1:colcon.colcon_core.package_identification:_identify(robot_manipulation/orca_control/orca_dependencies/orca_core) by extension 'colcon_meta'
[0.145s] Level 1:colcon.colcon_core.package_identification:_identify(robot_manipulation/orca_control/orca_dependencies/orca_core) by extensions ['ros']
[0.145s] Level 1:colcon.colcon_core.package_identification:_identify(robot_manipulation/orca_control/orca_dependencies/orca_core) by extension 'ros'
[0.145s] Level 1:colcon.colcon_core.package_identification:_identify(robot_manipulation/orca_control/orca_dependencies/orca_core) by extensions ['cmake', 'python']
[0.145s] Level 1:colcon.colcon_core.package_identification:_identify(robot_manipulation/orca_control/orca_dependencies/orca_core) by extension 'cmake'
[0.145s] Level 1:colcon.colcon_core.package_identification:_identify(robot_manipulation/orca_control/orca_dependencies/orca_core) by extension 'python'
[0.145s] Level 1:colcon.colcon_core.package_identification:_identify(robot_manipulation/orca_control/orca_dependencies/orca_core) by extensions ['python_setup_py']
[0.145s] Level 1:colcon.colcon_core.package_identification:_identify(robot_manipulation/orca_control/orca_dependencies/orca_core) by extension 'python_setup_py'
[0.145s] Level 1:colcon.colcon_core.package_identification:_identify(robot_manipulation/orca_control/orca_dependencies/orca_core/__pycache__) by extensions ['ignore', 'ignore_ament_install']
[0.145s] Level 1:colcon.colcon_core.package_identification:_identify(robot_manipulation/orca_control/orca_dependencies/orca_core/__pycache__) by extension 'ignore'
[0.146s] Level 1:colcon.colcon_core.package_identification:_identify(robot_manipulation/orca_control/orca_dependencies/orca_core/__pycache__) by extension 'ignore_ament_install'
[0.146s] Level 1:colcon.colcon_core.package_identification:_identify(robot_manipulation/orca_control/orca_dependencies/orca_core/__pycache__) by extensions ['colcon_pkg']
[0.146s] Level 1:colcon.colcon_core.package_identification:_identify(robot_manipulation/orca_control/orca_dependencies/orca_core/__pycache__) by extension 'colcon_pkg'
[0.146s] Level 1:colcon.colcon_core.package_identification:_identify(robot_manipulation/orca_control/orca_dependencies/orca_core/__pycache__) by extensions ['colcon_meta']
[0.146s] Level 1:colcon.colcon_core.package_identification:_identify(robot_manipulation/orca_control/orca_dependencies/orca_core/__pycache__) by extension 'colcon_meta'
[0.146s] Level 1:colcon.colcon_core.package_identification:_identify(robot_manipulation/orca_control/orca_dependencies/orca_core/__pycache__) by extensions ['ros']
[0.146s] Level 1:colcon.colcon_core.package_identification:_identify(robot_manipulation/orca_control/orca_dependencies/orca_core/__pycache__) by extension 'ros'
[0.146s] Level 1:colcon.colcon_core.package_identification:_identify(robot_manipulation/orca_control/orca_dependencies/orca_core/__pycache__) by extensions ['cmake', 'python']
[0.146s] Level 1:colcon.colcon_core.package_identification:_identify(robot_manipulation/orca_control/orca_dependencies/orca_core/__pycache__) by extension 'cmake'
[0.146s] Level 1:colcon.colcon_core.package_identification:_identify(robot_manipulation/orca_control/orca_dependencies/orca_core/__pycache__) by extension 'python'
[0.146s] Level 1:colcon.colcon_core.package_identification:_identify(robot_manipulation/orca_control/orca_dependencies/orca_core/__pycache__) by extensions ['python_setup_py']
[0.146s] Level 1:colcon.colcon_core.package_identification:_identify(robot_manipulation/orca_control/orca_dependencies/orca_core/__pycache__) by extension 'python_setup_py'
[0.146s] Level 1:colcon.colcon_core.package_identification:_identify(robot_manipulation/orca_control/orca_dependencies/orca_core/api) by extensions ['ignore', 'ignore_ament_install']
[0.146s] Level 1:colcon.colcon_core.package_identification:_identify(robot_manipulation/orca_control/orca_dependencies/orca_core/api) by extension 'ignore'
[0.146s] Level 1:colcon.colcon_core.package_identification:_identify(robot_manipulation/orca_control/orca_dependencies/orca_core/api) by extension 'ignore_ament_install'
[0.146s] Level 1:colcon.colcon_core.package_identification:_identify(robot_manipulation/orca_control/orca_dependencies/orca_core/api) by extensions ['colcon_pkg']
[0.146s] Level 1:colcon.colcon_core.package_identification:_identify(robot_manipulation/orca_control/orca_dependencies/orca_core/api) by extension 'colcon_pkg'
[0.146s] Level 1:colcon.colcon_core.package_identification:_identify(robot_manipulation/orca_control/orca_dependencies/orca_core/api) by extensions ['colcon_meta']
[0.146s] Level 1:colcon.colcon_core.package_identification:_identify(robot_manipulation/orca_control/orca_dependencies/orca_core/api) by extension 'colcon_meta'
[0.146s] Level 1:colcon.colcon_core.package_identification:_identify(robot_manipulation/orca_control/orca_dependencies/orca_core/api) by extensions ['ros']
[0.146s] Level 1:colcon.colcon_core.package_identification:_identify(robot_manipulation/orca_control/orca_dependencies/orca_core/api) by extension 'ros'
[0.146s] Level 1:colcon.colcon_core.package_identification:_identify(robot_manipulation/orca_control/orca_dependencies/orca_core/api) by extensions ['cmake', 'python']
[0.146s] Level 1:colcon.colcon_core.package_identification:_identify(robot_manipulation/orca_control/orca_dependencies/orca_core/api) by extension 'cmake'
[0.146s] Level 1:colcon.colcon_core.package_identification:_identify(robot_manipulation/orca_control/orca_dependencies/orca_core/api) by extension 'python'
[0.146s] Level 1:colcon.colcon_core.package_identification:_identify(robot_manipulation/orca_control/orca_dependencies/orca_core/api) by extensions ['python_setup_py']
[0.146s] Level 1:colcon.colcon_core.package_identification:_identify(robot_manipulation/orca_control/orca_dependencies/orca_core/api) by extension 'python_setup_py'
[0.146s] Level 1:colcon.colcon_core.package_identification:_identify(robot_manipulation/orca_control/orca_dependencies/orca_core/hardware) by extensions ['ignore', 'ignore_ament_install']
[0.146s] Level 1:colcon.colcon_core.package_identification:_identify(robot_manipulation/orca_control/orca_dependencies/orca_core/hardware) by extension 'ignore'
[0.146s] Level 1:colcon.colcon_core.package_identification:_identify(robot_manipulation/orca_control/orca_dependencies/orca_core/hardware) by extension 'ignore_ament_install'
[0.146s] Level 1:colcon.colcon_core.package_identification:_identify(robot_manipulation/orca_control/orca_dependencies/orca_core/hardware) by extensions ['colcon_pkg']
[0.146s] Level 1:colcon.colcon_core.package_identification:_identify(robot_manipulation/orca_control/orca_dependencies/orca_core/hardware) by extension 'colcon_pkg'
[0.146s] Level 1:colcon.colcon_core.package_identification:_identify(robot_manipulation/orca_control/orca_dependencies/orca_core/hardware) by extensions ['colcon_meta']
[0.146s] Level 1:colcon.colcon_core.package_identification:_identify(robot_manipulation/orca_control/orca_dependencies/orca_core/hardware) by extension 'colcon_meta'
[0.146s] Level 1:colcon.colcon_core.package_identification:_identify(robot_manipulation/orca_control/orca_dependencies/orca_core/hardware) by extensions ['ros']
[0.146s] Level 1:colcon.colcon_core.package_identification:_identify(robot_manipulation/orca_control/orca_dependencies/orca_core/hardware) by extension 'ros'
[0.146s] Level 1:colcon.colcon_core.package_identification:_identify(robot_manipulation/orca_control/orca_dependencies/orca_core/hardware) by extensions ['cmake', 'python']
[0.146s] Level 1:colcon.colcon_core.package_identification:_identify(robot_manipulation/orca_control/orca_dependencies/orca_core/hardware) by extension 'cmake'
[0.146s] Level 1:colcon.colcon_core.package_identification:_identify(robot_manipulation/orca_control/orca_dependencies/orca_core/hardware) by extension 'python'
[0.146s] Level 1:colcon.colcon_core.package_identification:_identify(robot_manipulation/orca_control/orca_dependencies/orca_core/hardware) by extensions ['python_setup_py']
[0.146s] Level 1:colcon.colcon_core.package_identification:_identify(robot_manipulation/orca_control/orca_dependencies/orca_core/hardware) by extension 'python_setup_py'
[0.147s] Level 1:colcon.colcon_core.package_identification:_identify(robot_manipulation/orca_control/orca_dependencies/orca_core/hardware/__pycache__) by extensions ['ignore', 'ignore_ament_install']
[0.147s] Level 1:colcon.colcon_core.package_identification:_identify(robot_manipulation/orca_control/orca_dependencies/orca_core/hardware/__pycache__) by extension 'ignore'
[0.147s] Level 1:colcon.colcon_core.package_identification:_identify(robot_manipulation/orca_control/orca_dependencies/orca_core/hardware/__pycache__) by extension 'ignore_ament_install'
[0.147s] Level 1:colcon.colcon_core.package_identification:_identify(robot_manipulation/orca_control/orca_dependencies/orca_core/hardware/__pycache__) by extensions ['colcon_pkg']
[0.147s] Level 1:colcon.colcon_core.package_identification:_identify(robot_manipulation/orca_control/orca_dependencies/orca_core/hardware/__pycache__) by extension 'colcon_pkg'
[0.147s] Level 1:colcon.colcon_core.package_identification:_identify(robot_manipulation/orca_control/orca_dependencies/orca_core/hardware/__pycache__) by extensions ['colcon_meta']
[0.147s] Level 1:colcon.colcon_core.package_identification:_identify(robot_manipulation/orca_control/orca_dependencies/orca_core/hardware/__pycache__) by extension 'colcon_meta'
[0.147s] Level 1:colcon.colcon_core.package_identification:_identify(robot_manipulation/orca_control/orca_dependencies/orca_core/hardware/__pycache__) by extensions ['ros']
[0.147s] Level 1:colcon.colcon_core.package_identification:_identify(robot_manipulation/orca_control/orca_dependencies/orca_core/hardware/__pycache__) by extension 'ros'
[0.147s] Level 1:colcon.colcon_core.package_identification:_identify(robot_manipulation/orca_control/orca_dependencies/orca_core/hardware/__pycache__) by extensions ['cmake', 'python']
[0.147s] Level 1:colcon.colcon_core.package_identification:_identify(robot_manipulation/orca_control/orca_dependencies/orca_core/hardware/__pycache__) by extension 'cmake'
[0.147s] Level 1:colcon.colcon_core.package_identification:_identify(robot_manipulation/orca_control/orca_dependencies/orca_core/hardware/__pycache__) by extension 'python'
[0.147s] Level 1:colcon.colcon_core.package_identification:_identify(robot_manipulation/orca_control/orca_dependencies/orca_core/hardware/__pycache__) by extensions ['python_setup_py']
[0.147s] Level 1:colcon.colcon_core.package_identification:_identify(robot_manipulation/orca_control/orca_dependencies/orca_core/hardware/__pycache__) by extension 'python_setup_py'
[0.147s] Level 1:colcon.colcon_core.package_identification:_identify(robot_manipulation/orca_control/orca_dependencies/orca_core/hardware/feetech) by extensions ['ignore', 'ignore_ament_install']
[0.147s] Level 1:colcon.colcon_core.package_identification:_identify(robot_manipulation/orca_control/orca_dependencies/orca_core/hardware/feetech) by extension 'ignore'
[0.147s] Level 1:colcon.colcon_core.package_identification:_identify(robot_manipulation/orca_control/orca_dependencies/orca_core/hardware/feetech) by extension 'ignore_ament_install'
[0.147s] Level 1:colcon.colcon_core.package_identification:_identify(robot_manipulation/orca_control/orca_dependencies/orca_core/hardware/feetech) by extensions ['colcon_pkg']
[0.147s] Level 1:colcon.colcon_core.package_identification:_identify(robot_manipulation/orca_control/orca_dependencies/orca_core/hardware/feetech) by extension 'colcon_pkg'
[0.147s] Level 1:colcon.colcon_core.package_identification:_identify(robot_manipulation/orca_control/orca_dependencies/orca_core/hardware/feetech) by extensions ['colcon_meta']
[0.147s] Level 1:colcon.colcon_core.package_identification:_identify(robot_manipulation/orca_control/orca_dependencies/orca_core/hardware/feetech) by extension 'colcon_meta'
[0.147s] Level 1:colcon.colcon_core.package_identification:_identify(robot_manipulation/orca_control/orca_dependencies/orca_core/hardware/feetech) by extensions ['ros']
[0.147s] Level 1:colcon.colcon_core.package_identification:_identify(robot_manipulation/orca_control/orca_dependencies/orca_core/hardware/feetech) by extension 'ros'
[0.147s] Level 1:colcon.colcon_core.package_identification:_identify(robot_manipulation/orca_control/orca_dependencies/orca_core/hardware/feetech) by extensions ['cmake', 'python']
[0.147s] Level 1:colcon.colcon_core.package_identification:_identify(robot_manipulation/orca_control/orca_dependencies/orca_core/hardware/feetech) by extension 'cmake'
[0.147s] Level 1:colcon.colcon_core.package_identification:_identify(robot_manipulation/orca_control/orca_dependencies/orca_core/hardware/feetech) by extension 'python'
[0.147s] Level 1:colcon.colcon_core.package_identification:_identify(robot_manipulation/orca_control/orca_dependencies/orca_core/hardware/feetech) by extensions ['python_setup_py']
[0.147s] Level 1:colcon.colcon_core.package_identification:_identify(robot_manipulation/orca_control/orca_dependencies/orca_core/hardware/feetech) by extension 'python_setup_py'
[0.147s] Level 1:colcon.colcon_core.package_identification:_identify(robot_manipulation/orca_control/orca_dependencies/orca_core/models) by extensions ['ignore', 'ignore_ament_install']
[0.147s] Level 1:colcon.colcon_core.package_identification:_identify(robot_manipulation/orca_control/orca_dependencies/orca_core/models) by extension 'ignore'
[0.147s] Level 1:colcon.colcon_core.package_identification:_identify(robot_manipulation/orca_control/orca_dependencies/orca_core/models) by extension 'ignore_ament_install'
[0.147s] Level 1:colcon.colcon_core.package_identification:_identify(robot_manipulation/orca_control/orca_dependencies/orca_core/models) by extensions ['colcon_pkg']
[0.147s] Level 1:colcon.colcon_core.package_identification:_identify(robot_manipulation/orca_control/orca_dependencies/orca_core/models) by extension 'colcon_pkg'
[0.147s] Level 1:colcon.colcon_core.package_identification:_identify(robot_manipulation/orca_control/orca_dependencies/orca_core/models) by extensions ['colcon_meta']
[0.147s] Level 1:colcon.colcon_core.package_identification:_identify(robot_manipulation/orca_control/orca_dependencies/orca_core/models) by extension 'colcon_meta'
[0.147s] Level 1:colcon.colcon_core.package_identification:_identify(robot_manipulation/orca_control/orca_dependencies/orca_core/models) by extensions ['ros']
[0.147s] Level 1:colcon.colcon_core.package_identification:_identify(robot_manipulation/orca_control/orca_dependencies/orca_core/models) by extension 'ros'
[0.147s] Level 1:colcon.colcon_core.package_identification:_identify(robot_manipulation/orca_control/orca_dependencies/orca_core/models) by extensions ['cmake', 'python']
[0.148s] Level 1:colcon.colcon_core.package_identification:_identify(robot_manipulation/orca_control/orca_dependencies/orca_core/models) by extension 'cmake'
[0.148s] Level 1:colcon.colcon_core.package_identification:_identify(robot_manipulation/orca_control/orca_dependencies/orca_core/models) by extension 'python'
[0.148s] Level 1:colcon.colcon_core.package_identification:_identify(robot_manipulation/orca_control/orca_dependencies/orca_core/models) by extensions ['python_setup_py']
[0.148s] Level 1:colcon.colcon_core.package_identification:_identify(robot_manipulation/orca_control/orca_dependencies/orca_core/models) by extension 'python_setup_py'
[0.148s] Level 1:colcon.colcon_core.package_identification:_identify(robot_manipulation/orca_control/orca_dependencies/orca_core/models/v1) by extensions ['ignore', 'ignore_ament_install']
[0.148s] Level 1:colcon.colcon_core.package_identification:_identify(robot_manipulation/orca_control/orca_dependencies/orca_core/models/v1) by extension 'ignore'
[0.148s] Level 1:colcon.colcon_core.package_identification:_identify(robot_manipulation/orca_control/orca_dependencies/orca_core/models/v1) by extension 'ignore_ament_install'
[0.148s] Level 1:colcon.colcon_core.package_identification:_identify(robot_manipulation/orca_control/orca_dependencies/orca_core/models/v1) by extensions ['colcon_pkg']
[0.148s] Level 1:colcon.colcon_core.package_identification:_identify(robot_manipulation/orca_control/orca_dependencies/orca_core/models/v1) by extension 'colcon_pkg'
[0.148s] Level 1:colcon.colcon_core.package_identification:_identify(robot_manipulation/orca_control/orca_dependencies/orca_core/models/v1) by extensions ['colcon_meta']
[0.148s] Level 1:colcon.colcon_core.package_identification:_identify(robot_manipulation/orca_control/orca_dependencies/orca_core/models/v1) by extension 'colcon_meta'
[0.148s] Level 1:colcon.colcon_core.package_identification:_identify(robot_manipulation/orca_control/orca_dependencies/orca_core/models/v1) by extensions ['ros']
[0.148s] Level 1:colcon.colcon_core.package_identification:_identify(robot_manipulation/orca_control/orca_dependencies/orca_core/models/v1) by extension 'ros'
[0.148s] Level 1:colcon.colcon_core.package_identification:_identify(robot_manipulation/orca_control/orca_dependencies/orca_core/models/v1) by extensions ['cmake', 'python']
[0.148s] Level 1:colcon.colcon_core.package_identification:_identify(robot_manipulation/orca_control/orca_dependencies/orca_core/models/v1) by extension 'cmake'
[0.148s] Level 1:colcon.colcon_core.package_identification:_identify(robot_manipulation/orca_control/orca_dependencies/orca_core/models/v1) by extension 'python'
[0.148s] Level 1:colcon.colcon_core.package_identification:_identify(robot_manipulation/orca_control/orca_dependencies/orca_core/models/v1) by extensions ['python_setup_py']
[0.148s] Level 1:colcon.colcon_core.package_identification:_identify(robot_manipulation/orca_control/orca_dependencies/orca_core/models/v1) by extension 'python_setup_py'
[0.148s] Level 1:colcon.colcon_core.package_identification:_identify(robot_manipulation/orca_control/orca_dependencies/orca_core/models/v1/orcahand_left) by extensions ['ignore', 'ignore_ament_install']
[0.148s] Level 1:colcon.colcon_core.package_identification:_identify(robot_manipulation/orca_control/orca_dependencies/orca_core/models/v1/orcahand_left) by extension 'ignore'
[0.148s] Level 1:colcon.colcon_core.package_identification:_identify(robot_manipulation/orca_control/orca_dependencies/orca_core/models/v1/orcahand_left) by extension 'ignore_ament_install'
[0.148s] Level 1:colcon.colcon_core.package_identification:_identify(robot_manipulation/orca_control/orca_dependencies/orca_core/models/v1/orcahand_left) by extensions ['colcon_pkg']
[0.148s] Level 1:colcon.colcon_core.package_identification:_identify(robot_manipulation/orca_control/orca_dependencies/orca_core/models/v1/orcahand_left) by extension 'colcon_pkg'
[0.148s] Level 1:colcon.colcon_core.package_identification:_identify(robot_manipulation/orca_control/orca_dependencies/orca_core/models/v1/orcahand_left) by extensions ['colcon_meta']
[0.148s] Level 1:colcon.colcon_core.package_identification:_identify(robot_manipulation/orca_control/orca_dependencies/orca_core/models/v1/orcahand_left) by extension 'colcon_meta'
[0.148s] Level 1:colcon.colcon_core.package_identification:_identify(robot_manipulation/orca_control/orca_dependencies/orca_core/models/v1/orcahand_left) by extensions ['ros']
[0.148s] Level 1:colcon.colcon_core.package_identification:_identify(robot_manipulation/orca_control/orca_dependencies/orca_core/models/v1/orcahand_left) by extension 'ros'
[0.148s] Level 1:colcon.colcon_core.package_identification:_identify(robot_manipulation/orca_control/orca_dependencies/orca_core/models/v1/orcahand_left) by extensions ['cmake', 'python']
[0.148s] Level 1:colcon.colcon_core.package_identification:_identify(robot_manipulation/orca_control/orca_dependencies/orca_core/models/v1/orcahand_left) by extension 'cmake'
[0.148s] Level 1:colcon.colcon_core.package_identification:_identify(robot_manipulation/orca_control/orca_dependencies/orca_core/models/v1/orcahand_left) by extension 'python'
[0.148s] Level 1:colcon.colcon_core.package_identification:_identify(robot_manipulation/orca_control/orca_dependencies/orca_core/models/v1/orcahand_left) by extensions ['python_setup_py']
[0.148s] Level 1:colcon.colcon_core.package_identification:_identify(robot_manipulation/orca_control/orca_dependencies/orca_core/models/v1/orcahand_left) by extension 'python_setup_py'
[0.148s] Level 1:colcon.colcon_core.package_identification:_identify(robot_manipulation/orca_control/orca_dependencies/orca_core/models/v1/orcahand_right) by extensions ['ignore', 'ignore_ament_install']
[0.148s] Level 1:colcon.colcon_core.package_identification:_identify(robot_manipulation/orca_control/orca_dependencies/orca_core/models/v1/orcahand_right) by extension 'ignore'
[0.148s] Level 1:colcon.colcon_core.package_identification:_identify(robot_manipulation/orca_control/orca_dependencies/orca_core/models/v1/orcahand_right) by extension 'ignore_ament_install'
[0.148s] Level 1:colcon.colcon_core.package_identification:_identify(robot_manipulation/orca_control/orca_dependencies/orca_core/models/v1/orcahand_right) by extensions ['colcon_pkg']
[0.148s] Level 1:colcon.colcon_core.package_identification:_identify(robot_manipulation/orca_control/orca_dependencies/orca_core/models/v1/orcahand_right) by extension 'colcon_pkg'
[0.149s] Level 1:colcon.colcon_core.package_identification:_identify(robot_manipulation/orca_control/orca_dependencies/orca_core/models/v1/orcahand_right) by extensions ['colcon_meta']
[0.149s] Level 1:colcon.colcon_core.package_identification:_identify(robot_manipulation/orca_control/orca_dependencies/orca_core/models/v1/orcahand_right) by extension 'colcon_meta'
[0.149s] Level 1:colcon.colcon_core.package_identification:_identify(robot_manipulation/orca_control/orca_dependencies/orca_core/models/v1/orcahand_right) by extensions ['ros']
[0.149s] Level 1:colcon.colcon_core.package_identification:_identify(robot_manipulation/orca_control/orca_dependencies/orca_core/models/v1/orcahand_right) by extension 'ros'
[0.149s] Level 1:colcon.colcon_core.package_identification:_identify(robot_manipulation/orca_control/orca_dependencies/orca_core/models/v1/orcahand_right) by extensions ['cmake', 'python']
[0.149s] Level 1:colcon.colcon_core.package_identification:_identify(robot_manipulation/orca_control/orca_dependencies/orca_core/models/v1/orcahand_right) by extension 'cmake'
[0.149s] Level 1:colcon.colcon_core.package_identification:_identify(robot_manipulation/orca_control/orca_dependencies/orca_core/models/v1/orcahand_right) by extension 'python'
[0.149s] Level 1:colcon.colcon_core.package_identification:_identify(robot_manipulation/orca_control/orca_dependencies/orca_core/models/v1/orcahand_right) by extensions ['python_setup_py']
[0.149s] Level 1:colcon.colcon_core.package_identification:_identify(robot_manipulation/orca_control/orca_dependencies/orca_core/models/v1/orcahand_right) by extension 'python_setup_py'
[0.149s] Level 1:colcon.colcon_core.package_identification:_identify(robot_manipulation/orca_control/orca_dependencies/orca_core/models/v2) by extensions ['ignore', 'ignore_ament_install']
[0.149s] Level 1:colcon.colcon_core.package_identification:_identify(robot_manipulation/orca_control/orca_dependencies/orca_core/models/v2) by extension 'ignore'
[0.149s] Level 1:colcon.colcon_core.package_identification:_identify(robot_manipulation/orca_control/orca_dependencies/orca_core/models/v2) by extension 'ignore_ament_install'
[0.149s] Level 1:colcon.colcon_core.package_identification:_identify(robot_manipulation/orca_control/orca_dependencies/orca_core/models/v2) by extensions ['colcon_pkg']
[0.149s] Level 1:colcon.colcon_core.package_identification:_identify(robot_manipulation/orca_control/orca_dependencies/orca_core/models/v2) by extension 'colcon_pkg'
[0.149s] Level 1:colcon.colcon_core.package_identification:_identify(robot_manipulation/orca_control/orca_dependencies/orca_core/models/v2) by extensions ['colcon_meta']
[0.149s] Level 1:colcon.colcon_core.package_identification:_identify(robot_manipulation/orca_control/orca_dependencies/orca_core/models/v2) by extension 'colcon_meta'
[0.149s] Level 1:colcon.colcon_core.package_identification:_identify(robot_manipulation/orca_control/orca_dependencies/orca_core/models/v2) by extensions ['ros']
[0.149s] Level 1:colcon.colcon_core.package_identification:_identify(robot_manipulation/orca_control/orca_dependencies/orca_core/models/v2) by extension 'ros'
[0.149s] Level 1:colcon.colcon_core.package_identification:_identify(robot_manipulation/orca_control/orca_dependencies/orca_core/models/v2) by extensions ['cmake', 'python']
[0.149s] Level 1:colcon.colcon_core.package_identification:_identify(robot_manipulation/orca_control/orca_dependencies/orca_core/models/v2) by extension 'cmake'
[0.149s] Level 1:colcon.colcon_core.package_identification:_identify(robot_manipulation/orca_control/orca_dependencies/orca_core/models/v2) by extension 'python'
[0.149s] Level 1:colcon.colcon_core.package_identification:_identify(robot_manipulation/orca_control/orca_dependencies/orca_core/models/v2) by extensions ['python_setup_py']
[0.149s] Level 1:colcon.colcon_core.package_identification:_identify(robot_manipulation/orca_control/orca_dependencies/orca_core/models/v2) by extension 'python_setup_py'
[0.149s] Level 1:colcon.colcon_core.package_identification:_identify(robot_manipulation/orca_control/orca_dependencies/orca_core/models/v2/orcahand_left) by extensions ['ignore', 'ignore_ament_install']
[0.149s] Level 1:colcon.colcon_core.package_identification:_identify(robot_manipulation/orca_control/orca_dependencies/orca_core/models/v2/orcahand_left) by extension 'ignore'
[0.149s] Level 1:colcon.colcon_core.package_identification:_identify(robot_manipulation/orca_control/orca_dependencies/orca_core/models/v2/orcahand_left) by extension 'ignore_ament_install'
[0.149s] Level 1:colcon.colcon_core.package_identification:_identify(robot_manipulation/orca_control/orca_dependencies/orca_core/models/v2/orcahand_left) by extensions ['colcon_pkg']
[0.149s] Level 1:colcon.colcon_core.package_identification:_identify(robot_manipulation/orca_control/orca_dependencies/orca_core/models/v2/orcahand_left) by extension 'colcon_pkg'
[0.149s] Level 1:colcon.colcon_core.package_identification:_identify(robot_manipulation/orca_control/orca_dependencies/orca_core/models/v2/orcahand_left) by extensions ['colcon_meta']
[0.149s] Level 1:colcon.colcon_core.package_identification:_identify(robot_manipulation/orca_control/orca_dependencies/orca_core/models/v2/orcahand_left) by extension 'colcon_meta'
[0.149s] Level 1:colcon.colcon_core.package_identification:_identify(robot_manipulation/orca_control/orca_dependencies/orca_core/models/v2/orcahand_left) by extensions ['ros']
[0.149s] Level 1:colcon.colcon_core.package_identification:_identify(robot_manipulation/orca_control/orca_dependencies/orca_core/models/v2/orcahand_left) by extension 'ros'
[0.149s] Level 1:colcon.colcon_core.package_identification:_identify(robot_manipulation/orca_control/orca_dependencies/orca_core/models/v2/orcahand_left) by extensions ['cmake', 'python']
[0.149s] Level 1:colcon.colcon_core.package_identification:_identify(robot_manipulation/orca_control/orca_dependencies/orca_core/models/v2/orcahand_left) by extension 'cmake'
[0.149s] Level 1:colcon.colcon_core.package_identification:_identify(robot_manipulation/orca_control/orca_dependencies/orca_core/models/v2/orcahand_left) by extension 'python'
[0.149s] Level 1:colcon.colcon_core.package_identification:_identify(robot_manipulation/orca_control/orca_dependencies/orca_core/models/v2/orcahand_left) by extensions ['python_setup_py']
[0.149s] Level 1:colcon.colcon_core.package_identification:_identify(robot_manipulation/orca_control/orca_dependencies/orca_core/models/v2/orcahand_left) by extension 'python_setup_py'
[0.149s] Level 1:colcon.colcon_core.package_identification:_identify(robot_manipulation/orca_control/orca_dependencies/orca_core/models/v2/orcahand_right) by extensions ['ignore', 'ignore_ament_install']
[0.150s] Level 1:colcon.colcon_core.package_identification:_identify(robot_manipulation/orca_control/orca_dependencies/orca_core/models/v2/orcahand_right) by extension 'ignore'
[0.150s] Level 1:colcon.colcon_core.package_identification:_identify(robot_manipulation/orca_control/orca_dependencies/orca_core/models/v2/orcahand_right) by extension 'ignore_ament_install'
[0.150s] Level 1:colcon.colcon_core.package_identification:_identify(robot_manipulation/orca_control/orca_dependencies/orca_core/models/v2/orcahand_right) by extensions ['colcon_pkg']
[0.150s] Level 1:colcon.colcon_core.package_identification:_identify(robot_manipulation/orca_control/orca_dependencies/orca_core/models/v2/orcahand_right) by extension 'colcon_pkg'
[0.150s] Level 1:colcon.colcon_core.package_identification:_identify(robot_manipulation/orca_control/orca_dependencies/orca_core/models/v2/orcahand_right) by extensions ['colcon_meta']
[0.150s] Level 1:colcon.colcon_core.package_identification:_identify(robot_manipulation/orca_control/orca_dependencies/orca_core/models/v2/orcahand_right) by extension 'colcon_meta'
[0.150s] Level 1:colcon.colcon_core.package_identification:_identify(robot_manipulation/orca_control/orca_dependencies/orca_core/models/v2/orcahand_right) by extensions ['ros']
[0.150s] Level 1:colcon.colcon_core.package_identification:_identify(robot_manipulation/orca_control/orca_dependencies/orca_core/models/v2/orcahand_right) by extension 'ros'
[0.150s] Level 1:colcon.colcon_core.package_identification:_identify(robot_manipulation/orca_control/orca_dependencies/orca_core/models/v2/orcahand_right) by extensions ['cmake', 'python']
[0.150s] Level 1:colcon.colcon_core.package_identification:_identify(robot_manipulation/orca_control/orca_dependencies/orca_core/models/v2/orcahand_right) by extension 'cmake'
[0.150s] Level 1:colcon.colcon_core.package_identification:_identify(robot_manipulation/orca_control/orca_dependencies/orca_core/models/v2/orcahand_right) by extension 'python'
[0.150s] Level 1:colcon.colcon_core.package_identification:_identify(robot_manipulation/orca_control/orca_dependencies/orca_core/models/v2/orcahand_right) by extensions ['python_setup_py']
[0.150s] Level 1:colcon.colcon_core.package_identification:_identify(robot_manipulation/orca_control/orca_dependencies/orca_core/models/v2/orcahand_right) by extension 'python_setup_py'
[0.150s] Level 1:colcon.colcon_core.package_identification:_identify(robot_manipulation/orca_control/orca_dependencies/orca_core/models/v2/orcahand_touch_left) by extensions ['ignore', 'ignore_ament_install']
[0.150s] Level 1:colcon.colcon_core.package_identification:_identify(robot_manipulation/orca_control/orca_dependencies/orca_core/models/v2/orcahand_touch_left) by extension 'ignore'
[0.150s] Level 1:colcon.colcon_core.package_identification:_identify(robot_manipulation/orca_control/orca_dependencies/orca_core/models/v2/orcahand_touch_left) by extension 'ignore_ament_install'
[0.150s] Level 1:colcon.colcon_core.package_identification:_identify(robot_manipulation/orca_control/orca_dependencies/orca_core/models/v2/orcahand_touch_left) by extensions ['colcon_pkg']
[0.150s] Level 1:colcon.colcon_core.package_identification:_identify(robot_manipulation/orca_control/orca_dependencies/orca_core/models/v2/orcahand_touch_left) by extension 'colcon_pkg'
[0.150s] Level 1:colcon.colcon_core.package_identification:_identify(robot_manipulation/orca_control/orca_dependencies/orca_core/models/v2/orcahand_touch_left) by extensions ['colcon_meta']
[0.150s] Level 1:colcon.colcon_core.package_identification:_identify(robot_manipulation/orca_control/orca_dependencies/orca_core/models/v2/orcahand_touch_left) by extension 'colcon_meta'
[0.150s] Level 1:colcon.colcon_core.package_identification:_identify(robot_manipulation/orca_control/orca_dependencies/orca_core/models/v2/orcahand_touch_left) by extensions ['ros']
[0.150s] Level 1:colcon.colcon_core.package_identification:_identify(robot_manipulation/orca_control/orca_dependencies/orca_core/models/v2/orcahand_touch_left) by extension 'ros'
[0.150s] Level 1:colcon.colcon_core.package_identification:_identify(robot_manipulation/orca_control/orca_dependencies/orca_core/models/v2/orcahand_touch_left) by extensions ['cmake', 'python']
[0.150s] Level 1:colcon.colcon_core.package_identification:_identify(robot_manipulation/orca_control/orca_dependencies/orca_core/models/v2/orcahand_touch_left) by extension 'cmake'
[0.150s] Level 1:colcon.colcon_core.package_identification:_identify(robot_manipulation/orca_control/orca_dependencies/orca_core/models/v2/orcahand_touch_left) by extension 'python'
[0.150s] Level 1:colcon.colcon_core.package_identification:_identify(robot_manipulation/orca_control/orca_dependencies/orca_core/models/v2/orcahand_touch_left) by extensions ['python_setup_py']
[0.150s] Level 1:colcon.colcon_core.package_identification:_identify(robot_manipulation/orca_control/orca_dependencies/orca_core/models/v2/orcahand_touch_left) by extension 'python_setup_py'
[0.150s] Level 1:colcon.colcon_core.package_identification:_identify(robot_manipulation/orca_control/orca_dependencies/orca_core/models/v2/orcahand_touch_right) by extensions ['ignore', 'ignore_ament_install']
[0.150s] Level 1:colcon.colcon_core.package_identification:_identify(robot_manipulation/orca_control/orca_dependencies/orca_core/models/v2/orcahand_touch_right) by extension 'ignore'
[0.150s] Level 1:colcon.colcon_core.package_identification:_identify(robot_manipulation/orca_control/orca_dependencies/orca_core/models/v2/orcahand_touch_right) by extension 'ignore_ament_install'
[0.150s] Level 1:colcon.colcon_core.package_identification:_identify(robot_manipulation/orca_control/orca_dependencies/orca_core/models/v2/orcahand_touch_right) by extensions ['colcon_pkg']
[0.150s] Level 1:colcon.colcon_core.package_identification:_identify(robot_manipulation/orca_control/orca_dependencies/orca_core/models/v2/orcahand_touch_right) by extension 'colcon_pkg'
[0.150s] Level 1:colcon.colcon_core.package_identification:_identify(robot_manipulation/orca_control/orca_dependencies/orca_core/models/v2/orcahand_touch_right) by extensions ['colcon_meta']
[0.150s] Level 1:colcon.colcon_core.package_identification:_identify(robot_manipulation/orca_control/orca_dependencies/orca_core/models/v2/orcahand_touch_right) by extension 'colcon_meta'
[0.150s] Level 1:colcon.colcon_core.package_identification:_identify(robot_manipulation/orca_control/orca_dependencies/orca_core/models/v2/orcahand_touch_right) by extensions ['ros']
[0.150s] Level 1:colcon.colcon_core.package_identification:_identify(robot_manipulation/orca_control/orca_dependencies/orca_core/models/v2/orcahand_touch_right) by extension 'ros'
[0.150s] Level 1:colcon.colcon_core.package_identification:_identify(robot_manipulation/orca_control/orca_dependencies/orca_core/models/v2/orcahand_touch_right) by extensions ['cmake', 'python']
[0.150s] Level 1:colcon.colcon_core.package_identification:_identify(robot_manipulation/orca_control/orca_dependencies/orca_core/models/v2/orcahand_touch_right) by extension 'cmake'
[0.150s] Level 1:colcon.colcon_core.package_identification:_identify(robot_manipulation/orca_control/orca_dependencies/orca_core/models/v2/orcahand_touch_right) by extension 'python'
[0.151s] Level 1:colcon.colcon_core.package_identification:_identify(robot_manipulation/orca_control/orca_dependencies/orca_core/models/v2/orcahand_touch_right) by extensions ['python_setup_py']
[0.151s] Level 1:colcon.colcon_core.package_identification:_identify(robot_manipulation/orca_control/orca_dependencies/orca_core/models/v2/orcahand_touch_right) by extension 'python_setup_py'
[0.151s] Level 1:colcon.colcon_core.package_identification:_identify(robot_manipulation/orca_control/orca_dependencies/orca_core/utils) by extensions ['ignore', 'ignore_ament_install']
[0.151s] Level 1:colcon.colcon_core.package_identification:_identify(robot_manipulation/orca_control/orca_dependencies/orca_core/utils) by extension 'ignore'
[0.151s] Level 1:colcon.colcon_core.package_identification:_identify(robot_manipulation/orca_control/orca_dependencies/orca_core/utils) by extension 'ignore_ament_install'
[0.151s] Level 1:colcon.colcon_core.package_identification:_identify(robot_manipulation/orca_control/orca_dependencies/orca_core/utils) by extensions ['colcon_pkg']
[0.151s] Level 1:colcon.colcon_core.package_identification:_identify(robot_manipulation/orca_control/orca_dependencies/orca_core/utils) by extension 'colcon_pkg'
[0.151s] Level 1:colcon.colcon_core.package_identification:_identify(robot_manipulation/orca_control/orca_dependencies/orca_core/utils) by extensions ['colcon_meta']
[0.151s] Level 1:colcon.colcon_core.package_identification:_identify(robot_manipulation/orca_control/orca_dependencies/orca_core/utils) by extension 'colcon_meta'
[0.151s] Level 1:colcon.colcon_core.package_identification:_identify(robot_manipulation/orca_control/orca_dependencies/orca_core/utils) by extensions ['ros']
[0.151s] Level 1:colcon.colcon_core.package_identification:_identify(robot_manipulation/orca_control/orca_dependencies/orca_core/utils) by extension 'ros'
[0.151s] Level 1:colcon.colcon_core.package_identification:_identify(robot_manipulation/orca_control/orca_dependencies/orca_core/utils) by extensions ['cmake', 'python']
[0.151s] Level 1:colcon.colcon_core.package_identification:_identify(robot_manipulation/orca_control/orca_dependencies/orca_core/utils) by extension 'cmake'
[0.151s] Level 1:colcon.colcon_core.package_identification:_identify(robot_manipulation/orca_control/orca_dependencies/orca_core/utils) by extension 'python'
[0.151s] Level 1:colcon.colcon_core.package_identification:_identify(robot_manipulation/orca_control/orca_dependencies/orca_core/utils) by extensions ['python_setup_py']
[0.151s] Level 1:colcon.colcon_core.package_identification:_identify(robot_manipulation/orca_control/orca_dependencies/orca_core/utils) by extension 'python_setup_py'
[0.151s] Level 1:colcon.colcon_core.package_identification:_identify(robot_manipulation/orca_control/orca_dependencies/orca_core/utils/__pycache__) by extensions ['ignore', 'ignore_ament_install']
[0.151s] Level 1:colcon.colcon_core.package_identification:_identify(robot_manipulation/orca_control/orca_dependencies/orca_core/utils/__pycache__) by extension 'ignore'
[0.151s] Level 1:colcon.colcon_core.package_identification:_identify(robot_manipulation/orca_control/orca_dependencies/orca_core/utils/__pycache__) by extension 'ignore_ament_install'
[0.151s] Level 1:colcon.colcon_core.package_identification:_identify(robot_manipulation/orca_control/orca_dependencies/orca_core/utils/__pycache__) by extensions ['colcon_pkg']
[0.151s] Level 1:colcon.colcon_core.package_identification:_identify(robot_manipulation/orca_control/orca_dependencies/orca_core/utils/__pycache__) by extension 'colcon_pkg'
[0.151s] Level 1:colcon.colcon_core.package_identification:_identify(robot_manipulation/orca_control/orca_dependencies/orca_core/utils/__pycache__) by extensions ['colcon_meta']
[0.151s] Level 1:colcon.colcon_core.package_identification:_identify(robot_manipulation/orca_control/orca_dependencies/orca_core/utils/__pycache__) by extension 'colcon_meta'
[0.151s] Level 1:colcon.colcon_core.package_identification:_identify(robot_manipulation/orca_control/orca_dependencies/orca_core/utils/__pycache__) by extensions ['ros']
[0.151s] Level 1:colcon.colcon_core.package_identification:_identify(robot_manipulation/orca_control/orca_dependencies/orca_core/utils/__pycache__) by extension 'ros'
[0.151s] Level 1:colcon.colcon_core.package_identification:_identify(robot_manipulation/orca_control/orca_dependencies/orca_core/utils/__pycache__) by extensions ['cmake', 'python']
[0.151s] Level 1:colcon.colcon_core.package_identification:_identify(robot_manipulation/orca_control/orca_dependencies/orca_core/utils/__pycache__) by extension 'cmake'
[0.151s] Level 1:colcon.colcon_core.package_identification:_identify(robot_manipulation/orca_control/orca_dependencies/orca_core/utils/__pycache__) by extension 'python'
[0.151s] Level 1:colcon.colcon_core.package_identification:_identify(robot_manipulation/orca_control/orca_dependencies/orca_core/utils/__pycache__) by extensions ['python_setup_py']
[0.151s] Level 1:colcon.colcon_core.package_identification:_identify(robot_manipulation/orca_control/orca_dependencies/orca_core/utils/__pycache__) by extension 'python_setup_py'
[0.151s] Level 1:colcon.colcon_core.package_identification:_identify(robot_manipulation/orca_control/orca_dependencies/replay_sequences) by extensions ['ignore', 'ignore_ament_install']
[0.151s] Level 1:colcon.colcon_core.package_identification:_identify(robot_manipulation/orca_control/orca_dependencies/replay_sequences) by extension 'ignore'
[0.151s] Level 1:colcon.colcon_core.package_identification:_identify(robot_manipulation/orca_control/orca_dependencies/replay_sequences) by extension 'ignore_ament_install'
[0.151s] Level 1:colcon.colcon_core.package_identification:_identify(robot_manipulation/orca_control/orca_dependencies/replay_sequences) by extensions ['colcon_pkg']
[0.151s] Level 1:colcon.colcon_core.package_identification:_identify(robot_manipulation/orca_control/orca_dependencies/replay_sequences) by extension 'colcon_pkg'
[0.151s] Level 1:colcon.colcon_core.package_identification:_identify(robot_manipulation/orca_control/orca_dependencies/replay_sequences) by extensions ['colcon_meta']
[0.151s] Level 1:colcon.colcon_core.package_identification:_identify(robot_manipulation/orca_control/orca_dependencies/replay_sequences) by extension 'colcon_meta'
[0.151s] Level 1:colcon.colcon_core.package_identification:_identify(robot_manipulation/orca_control/orca_dependencies/replay_sequences) by extensions ['ros']
[0.151s] Level 1:colcon.colcon_core.package_identification:_identify(robot_manipulation/orca_control/orca_dependencies/replay_sequences) by extension 'ros'
[0.152s] Level 1:colcon.colcon_core.package_identification:_identify(robot_manipulation/orca_control/orca_dependencies/replay_sequences) by extensions ['cmake', 'python']
[0.152s] Level 1:colcon.colcon_core.package_identification:_identify(robot_manipulation/orca_control/orca_dependencies/replay_sequences) by extension 'cmake'
[0.152s] Level 1:colcon.colcon_core.package_identification:_identify(robot_manipulation/orca_control/orca_dependencies/replay_sequences) by extension 'python'
[0.152s] Level 1:colcon.colcon_core.package_identification:_identify(robot_manipulation/orca_control/orca_dependencies/replay_sequences) by extensions ['python_setup_py']
[0.152s] Level 1:colcon.colcon_core.package_identification:_identify(robot_manipulation/orca_control/orca_dependencies/replay_sequences) by extension 'python_setup_py'
[0.152s] Level 1:colcon.colcon_core.package_identification:_identify(robot_manipulation/orca_control/orca_dependencies/scripts) by extensions ['ignore', 'ignore_ament_install']
[0.152s] Level 1:colcon.colcon_core.package_identification:_identify(robot_manipulation/orca_control/orca_dependencies/scripts) by extension 'ignore'
[0.152s] Level 1:colcon.colcon_core.package_identification:_identify(robot_manipulation/orca_control/orca_dependencies/scripts) by extension 'ignore_ament_install'
[0.152s] Level 1:colcon.colcon_core.package_identification:_identify(robot_manipulation/orca_control/orca_dependencies/scripts) by extensions ['colcon_pkg']
[0.152s] Level 1:colcon.colcon_core.package_identification:_identify(robot_manipulation/orca_control/orca_dependencies/scripts) by extension 'colcon_pkg'
[0.152s] Level 1:colcon.colcon_core.package_identification:_identify(robot_manipulation/orca_control/orca_dependencies/scripts) by extensions ['colcon_meta']
[0.152s] Level 1:colcon.colcon_core.package_identification:_identify(robot_manipulation/orca_control/orca_dependencies/scripts) by extension 'colcon_meta'
[0.152s] Level 1:colcon.colcon_core.package_identification:_identify(robot_manipulation/orca_control/orca_dependencies/scripts) by extensions ['ros']
[0.152s] Level 1:colcon.colcon_core.package_identification:_identify(robot_manipulation/orca_control/orca_dependencies/scripts) by extension 'ros'
[0.152s] Level 1:colcon.colcon_core.package_identification:_identify(robot_manipulation/orca_control/orca_dependencies/scripts) by extensions ['cmake', 'python']
[0.152s] Level 1:colcon.colcon_core.package_identification:_identify(robot_manipulation/orca_control/orca_dependencies/scripts) by extension 'cmake'
[0.152s] Level 1:colcon.colcon_core.package_identification:_identify(robot_manipulation/orca_control/orca_dependencies/scripts) by extension 'python'
[0.152s] Level 1:colcon.colcon_core.package_identification:_identify(robot_manipulation/orca_control/orca_dependencies/scripts) by extensions ['python_setup_py']
[0.152s] Level 1:colcon.colcon_core.package_identification:_identify(robot_manipulation/orca_control/orca_dependencies/scripts) by extension 'python_setup_py'
[0.340s] ERROR:colcon.colcon_core.package_identification:Exception in package identification extension 'python_setup_py' in 'robot_manipulation/orca_control/orca_dependencies/scripts': Command '['/usr/bin/python3', '-c', 'import sys;from contextlib import suppress;exec("with suppress(ImportError):    from setuptools.extern.packaging.specifiers    import SpecifierSet");exec("with suppress(ImportError):    from packaging.specifiers import SpecifierSet");from distutils.core import run_setup;dist = run_setup(    \'setup.py\', script_args=(\'--dry-run\',), stop_after=\'config\');skip_keys = (\'cmdclass\', \'distclass\', \'ext_modules\', \'metadata\');data = {    key: value for key, value in dist.__dict__.items()     if (        not key.startswith(\'_\') and         not callable(value) and         key not in skip_keys and         key not in dist.display_option_names    )};data[\'metadata\'] = {    k: v for k, v in dist.metadata.__dict__.items()     if k not in (\'license_files\', \'provides_extras\')};sys.stdout.buffer.write(repr(data).encode(\'utf-8\'))']' returned non-zero exit status 1.
Traceback (most recent call last):
  File "/usr/lib/python3/dist-packages/colcon_core/package_identification/__init__.py", line 144, in _identify
    retval = extension.identify(_reused_descriptor_instance)
             ^^^^^^^^^^^^^^^^^^^^^^^^^^^^^^^^^^^^^^^^^^^^^^^
  File "/usr/lib/python3/dist-packages/colcon_python_setup_py/package_identification/python_setup_py.py", line 48, in identify
    config = get_setup_information(setup_py)
             ^^^^^^^^^^^^^^^^^^^^^^^^^^^^^^^
  File "/usr/lib/python3/dist-packages/colcon_python_setup_py/package_identification/python_setup_py.py", line 249, in get_setup_information
    _setup_information_cache[hashable_env] = _get_setup_information(
                                             ^^^^^^^^^^^^^^^^^^^^^^^
  File "/usr/lib/python3/dist-packages/colcon_python_setup_py/package_identification/python_setup_py.py", line 296, in _get_setup_information
    result = subprocess.run(
             ^^^^^^^^^^^^^^^
  File "/usr/lib/python3.12/subprocess.py", line 571, in run
    raise CalledProcessError(retcode, process.args,
subprocess.CalledProcessError: Command '['/usr/bin/python3', '-c', 'import sys;from contextlib import suppress;exec("with suppress(ImportError):    from setuptools.extern.packaging.specifiers    import SpecifierSet");exec("with suppress(ImportError):    from packaging.specifiers import SpecifierSet");from distutils.core import run_setup;dist = run_setup(    \'setup.py\', script_args=(\'--dry-run\',), stop_after=\'config\');skip_keys = (\'cmdclass\', \'distclass\', \'ext_modules\', \'metadata\');data = {    key: value for key, value in dist.__dict__.items()     if (        not key.startswith(\'_\') and         not callable(value) and         key not in skip_keys and         key not in dist.display_option_names    )};data[\'metadata\'] = {    k: v for k, v in dist.metadata.__dict__.items()     if k not in (\'license_files\', \'provides_extras\')};sys.stdout.buffer.write(repr(data).encode(\'utf-8\'))']' returned non-zero exit status 1.

[0.340s] Level 1:colcon.colcon_core.package_identification:_identify(robot_manipulation/orca_control/orca_dependencies/scripts/__pycache__) by extensions ['ignore', 'ignore_ament_install']
[0.340s] Level 1:colcon.colcon_core.package_identification:_identify(robot_manipulation/orca_control/orca_dependencies/scripts/__pycache__) by extension 'ignore'
[0.340s] Level 1:colcon.colcon_core.package_identification:_identify(robot_manipulation/orca_control/orca_dependencies/scripts/__pycache__) by extension 'ignore_ament_install'
[0.340s] Level 1:colcon.colcon_core.package_identification:_identify(robot_manipulation/orca_control/orca_dependencies/scripts/__pycache__) by extensions ['colcon_pkg']
[0.340s] Level 1:colcon.colcon_core.package_identification:_identify(robot_manipulation/orca_control/orca_dependencies/scripts/__pycache__) by extension 'colcon_pkg'
[0.341s] Level 1:colcon.colcon_core.package_identification:_identify(robot_manipulation/orca_control/orca_dependencies/scripts/__pycache__) by extensions ['colcon_meta']
[0.341s] Level 1:colcon.colcon_core.package_identification:_identify(robot_manipulation/orca_control/orca_dependencies/scripts/__pycache__) by extension 'colcon_meta'
[0.341s] Level 1:colcon.colcon_core.package_identification:_identify(robot_manipulation/orca_control/orca_dependencies/scripts/__pycache__) by extensions ['ros']
[0.341s] Level 1:colcon.colcon_core.package_identification:_identify(robot_manipulation/orca_control/orca_dependencies/scripts/__pycache__) by extension 'ros'
[0.341s] Level 1:colcon.colcon_core.package_identification:_identify(robot_manipulation/orca_control/orca_dependencies/scripts/__pycache__) by extensions ['cmake', 'python']
[0.341s] Level 1:colcon.colcon_core.package_identification:_identify(robot_manipulation/orca_control/orca_dependencies/scripts/__pycache__) by extension 'cmake'
[0.341s] Level 1:colcon.colcon_core.package_identification:_identify(robot_manipulation/orca_control/orca_dependencies/scripts/__pycache__) by extension 'python'
[0.341s] Level 1:colcon.colcon_core.package_identification:_identify(robot_manipulation/orca_control/orca_dependencies/scripts/__pycache__) by extensions ['python_setup_py']
[0.341s] Level 1:colcon.colcon_core.package_identification:_identify(robot_manipulation/orca_control/orca_dependencies/scripts/__pycache__) by extension 'python_setup_py'
[0.341s] Level 1:colcon.colcon_core.package_identification:_identify(robot_manipulation/orca_control/orca_dependencies/tests) by extensions ['ignore', 'ignore_ament_install']
[0.341s] Level 1:colcon.colcon_core.package_identification:_identify(robot_manipulation/orca_control/orca_dependencies/tests) by extension 'ignore'
[0.341s] Level 1:colcon.colcon_core.package_identification:_identify(robot_manipulation/orca_control/orca_dependencies/tests) by extension 'ignore_ament_install'
[0.341s] Level 1:colcon.colcon_core.package_identification:_identify(robot_manipulation/orca_control/orca_dependencies/tests) by extensions ['colcon_pkg']
[0.341s] Level 1:colcon.colcon_core.package_identification:_identify(robot_manipulation/orca_control/orca_dependencies/tests) by extension 'colcon_pkg'
[0.341s] Level 1:colcon.colcon_core.package_identification:_identify(robot_manipulation/orca_control/orca_dependencies/tests) by extensions ['colcon_meta']
[0.341s] Level 1:colcon.colcon_core.package_identification:_identify(robot_manipulation/orca_control/orca_dependencies/tests) by extension 'colcon_meta'
[0.341s] Level 1:colcon.colcon_core.package_identification:_identify(robot_manipulation/orca_control/orca_dependencies/tests) by extensions ['ros']
[0.341s] Level 1:colcon.colcon_core.package_identification:_identify(robot_manipulation/orca_control/orca_dependencies/tests) by extension 'ros'
[0.341s] Level 1:colcon.colcon_core.package_identification:_identify(robot_manipulation/orca_control/orca_dependencies/tests) by extensions ['cmake', 'python']
[0.341s] Level 1:colcon.colcon_core.package_identification:_identify(robot_manipulation/orca_control/orca_dependencies/tests) by extension 'cmake'
[0.341s] Level 1:colcon.colcon_core.package_identification:_identify(robot_manipulation/orca_control/orca_dependencies/tests) by extension 'python'
[0.341s] Level 1:colcon.colcon_core.package_identification:_identify(robot_manipulation/orca_control/orca_dependencies/tests) by extensions ['python_setup_py']
[0.341s] Level 1:colcon.colcon_core.package_identification:_identify(robot_manipulation/orca_control/orca_dependencies/tests) by extension 'python_setup_py'
[0.341s] Level 1:colcon.colcon_core.package_identification:_identify(robot_manipulation/orca_control/orca_dependencies/tests/__pycache__) by extensions ['ignore', 'ignore_ament_install']
[0.341s] Level 1:colcon.colcon_core.package_identification:_identify(robot_manipulation/orca_control/orca_dependencies/tests/__pycache__) by extension 'ignore'
[0.341s] Level 1:colcon.colcon_core.package_identification:_identify(robot_manipulation/orca_control/orca_dependencies/tests/__pycache__) by extension 'ignore_ament_install'
[0.341s] Level 1:colcon.colcon_core.package_identification:_identify(robot_manipulation/orca_control/orca_dependencies/tests/__pycache__) by extensions ['colcon_pkg']
[0.341s] Level 1:colcon.colcon_core.package_identification:_identify(robot_manipulation/orca_control/orca_dependencies/tests/__pycache__) by extension 'colcon_pkg'
[0.341s] Level 1:colcon.colcon_core.package_identification:_identify(robot_manipulation/orca_control/orca_dependencies/tests/__pycache__) by extensions ['colcon_meta']
[0.341s] Level 1:colcon.colcon_core.package_identification:_identify(robot_manipulation/orca_control/orca_dependencies/tests/__pycache__) by extension 'colcon_meta'
[0.341s] Level 1:colcon.colcon_core.package_identification:_identify(robot_manipulation/orca_control/orca_dependencies/tests/__pycache__) by extensions ['ros']
[0.341s] Level 1:colcon.colcon_core.package_identification:_identify(robot_manipulation/orca_control/orca_dependencies/tests/__pycache__) by extension 'ros'
[0.341s] Level 1:colcon.colcon_core.package_identification:_identify(robot_manipulation/orca_control/orca_dependencies/tests/__pycache__) by extensions ['cmake', 'python']
[0.341s] Level 1:colcon.colcon_core.package_identification:_identify(robot_manipulation/orca_control/orca_dependencies/tests/__pycache__) by extension 'cmake'
[0.341s] Level 1:colcon.colcon_core.package_identification:_identify(robot_manipulation/orca_control/orca_dependencies/tests/__pycache__) by extension 'python'
[0.341s] Level 1:colcon.colcon_core.package_identification:_identify(robot_manipulation/orca_control/orca_dependencies/tests/__pycache__) by extensions ['python_setup_py']
[0.341s] Level 1:colcon.colcon_core.package_identification:_identify(robot_manipulation/orca_control/orca_dependencies/tests/__pycache__) by extension 'python_setup_py'
[0.342s] Level 1:colcon.colcon_core.package_identification:_identify(robot_manipulation/orca_control/orca_dependencies/tests/reference) by extensions ['ignore', 'ignore_ament_install']
[0.342s] Level 1:colcon.colcon_core.package_identification:_identify(robot_manipulation/orca_control/orca_dependencies/tests/reference) by extension 'ignore'
[0.342s] Level 1:colcon.colcon_core.package_identification:_identify(robot_manipulation/orca_control/orca_dependencies/tests/reference) by extension 'ignore_ament_install'
[0.342s] Level 1:colcon.colcon_core.package_identification:_identify(robot_manipulation/orca_control/orca_dependencies/tests/reference) by extensions ['colcon_pkg']
[0.342s] Level 1:colcon.colcon_core.package_identification:_identify(robot_manipulation/orca_control/orca_dependencies/tests/reference) by extension 'colcon_pkg'
[0.342s] Level 1:colcon.colcon_core.package_identification:_identify(robot_manipulation/orca_control/orca_dependencies/tests/reference) by extensions ['colcon_meta']
[0.342s] Level 1:colcon.colcon_core.package_identification:_identify(robot_manipulation/orca_control/orca_dependencies/tests/reference) by extension 'colcon_meta'
[0.342s] Level 1:colcon.colcon_core.package_identification:_identify(robot_manipulation/orca_control/orca_dependencies/tests/reference) by extensions ['ros']
[0.342s] Level 1:colcon.colcon_core.package_identification:_identify(robot_manipulation/orca_control/orca_dependencies/tests/reference) by extension 'ros'
[0.342s] Level 1:colcon.colcon_core.package_identification:_identify(robot_manipulation/orca_control/orca_dependencies/tests/reference) by extensions ['cmake', 'python']
[0.342s] Level 1:colcon.colcon_core.package_identification:_identify(robot_manipulation/orca_control/orca_dependencies/tests/reference) by extension 'cmake'
[0.342s] Level 1:colcon.colcon_core.package_identification:_identify(robot_manipulation/orca_control/orca_dependencies/tests/reference) by extension 'python'
[0.342s] Level 1:colcon.colcon_core.package_identification:_identify(robot_manipulation/orca_control/orca_dependencies/tests/reference) by extensions ['python_setup_py']
[0.342s] Level 1:colcon.colcon_core.package_identification:_identify(robot_manipulation/orca_control/orca_dependencies/tests/reference) by extension 'python_setup_py'
[0.342s] Level 1:colcon.colcon_core.package_identification:_identify(robot_manipulation/orca_control/orca_hand_ros) by extensions ['ignore', 'ignore_ament_install']
[0.342s] Level 1:colcon.colcon_core.package_identification:_identify(robot_manipulation/orca_control/orca_hand_ros) by extension 'ignore'
[0.342s] Level 1:colcon.colcon_core.package_identification:_identify(robot_manipulation/orca_control/orca_hand_ros) by extension 'ignore_ament_install'
[0.342s] Level 1:colcon.colcon_core.package_identification:_identify(robot_manipulation/orca_control/orca_hand_ros) by extensions ['colcon_pkg']
[0.342s] Level 1:colcon.colcon_core.package_identification:_identify(robot_manipulation/orca_control/orca_hand_ros) by extension 'colcon_pkg'
[0.342s] Level 1:colcon.colcon_core.package_identification:_identify(robot_manipulation/orca_control/orca_hand_ros) by extensions ['colcon_meta']
[0.342s] Level 1:colcon.colcon_core.package_identification:_identify(robot_manipulation/orca_control/orca_hand_ros) by extension 'colcon_meta'
[0.342s] Level 1:colcon.colcon_core.package_identification:_identify(robot_manipulation/orca_control/orca_hand_ros) by extensions ['ros']
[0.342s] Level 1:colcon.colcon_core.package_identification:_identify(robot_manipulation/orca_control/orca_hand_ros) by extension 'ros'
[0.343s] DEBUG:colcon.colcon_core.package_identification:Package 'robot_manipulation/orca_control/orca_hand_ros' with type 'ros.ament_python' and name 'orca_hand_ros'
[0.343s] Level 1:colcon.colcon_core.package_identification:_identify(robot_manipulation/orca_control/orca_scripts) by extensions ['ignore', 'ignore_ament_install']
[0.343s] Level 1:colcon.colcon_core.package_identification:_identify(robot_manipulation/orca_control/orca_scripts) by extension 'ignore'
[0.343s] Level 1:colcon.colcon_core.package_identification:_identify(robot_manipulation/orca_control/orca_scripts) by extension 'ignore_ament_install'
[0.343s] Level 1:colcon.colcon_core.package_identification:_identify(robot_manipulation/orca_control/orca_scripts) by extensions ['colcon_pkg']
[0.343s] Level 1:colcon.colcon_core.package_identification:_identify(robot_manipulation/orca_control/orca_scripts) by extension 'colcon_pkg'
[0.343s] Level 1:colcon.colcon_core.package_identification:_identify(robot_manipulation/orca_control/orca_scripts) by extensions ['colcon_meta']
[0.343s] Level 1:colcon.colcon_core.package_identification:_identify(robot_manipulation/orca_control/orca_scripts) by extension 'colcon_meta'
[0.343s] Level 1:colcon.colcon_core.package_identification:_identify(robot_manipulation/orca_control/orca_scripts) by extensions ['ros']
[0.343s] Level 1:colcon.colcon_core.package_identification:_identify(robot_manipulation/orca_control/orca_scripts) by extension 'ros'
[0.343s] Level 1:colcon.colcon_core.package_identification:_identify(robot_manipulation/orca_control/orca_scripts) by extensions ['cmake', 'python']
[0.343s] Level 1:colcon.colcon_core.package_identification:_identify(robot_manipulation/orca_control/orca_scripts) by extension 'cmake'
[0.343s] Level 1:colcon.colcon_core.package_identification:_identify(robot_manipulation/orca_control/orca_scripts) by extension 'python'
[0.343s] Level 1:colcon.colcon_core.package_identification:_identify(robot_manipulation/orca_control/orca_scripts) by extensions ['python_setup_py']
[0.343s] Level 1:colcon.colcon_core.package_identification:_identify(robot_manipulation/orca_control/orca_scripts) by extension 'python_setup_py'
[0.343s] Level 1:colcon.colcon_core.package_identification:_identify(robot_manipulation/scripts) by extensions ['ignore', 'ignore_ament_install']
[0.343s] Level 1:colcon.colcon_core.package_identification:_identify(robot_manipulation/scripts) by extension 'ignore'
[0.343s] Level 1:colcon.colcon_core.package_identification:_identify(robot_manipulation/scripts) by extension 'ignore_ament_install'
[0.343s] Level 1:colcon.colcon_core.package_identification:_identify(robot_manipulation/scripts) by extensions ['colcon_pkg']
[0.343s] Level 1:colcon.colcon_core.package_identification:_identify(robot_manipulation/scripts) by extension 'colcon_pkg'
[0.343s] Level 1:colcon.colcon_core.package_identification:_identify(robot_manipulation/scripts) by extensions ['colcon_meta']
[0.343s] Level 1:colcon.colcon_core.package_identification:_identify(robot_manipulation/scripts) by extension 'colcon_meta'
[0.343s] Level 1:colcon.colcon_core.package_identification:_identify(robot_manipulation/scripts) by extensions ['ros']
[0.343s] Level 1:colcon.colcon_core.package_identification:_identify(robot_manipulation/scripts) by extension 'ros'
[0.343s] Level 1:colcon.colcon_core.package_identification:_identify(robot_manipulation/scripts) by extensions ['cmake', 'python']
[0.343s] Level 1:colcon.colcon_core.package_identification:_identify(robot_manipulation/scripts) by extension 'cmake'
[0.343s] Level 1:colcon.colcon_core.package_identification:_identify(robot_manipulation/scripts) by extension 'python'
[0.343s] Level 1:colcon.colcon_core.package_identification:_identify(robot_manipulation/scripts) by extensions ['python_setup_py']
[0.343s] Level 1:colcon.colcon_core.package_identification:_identify(robot_manipulation/scripts) by extension 'python_setup_py'
[0.343s] Level 1:colcon.colcon_core.package_identification:_identify(robot_manipulation/scripts/__pycache__) by extensions ['ignore', 'ignore_ament_install']
[0.343s] Level 1:colcon.colcon_core.package_identification:_identify(robot_manipulation/scripts/__pycache__) by extension 'ignore'
[0.343s] Level 1:colcon.colcon_core.package_identification:_identify(robot_manipulation/scripts/__pycache__) by extension 'ignore_ament_install'
[0.343s] Level 1:colcon.colcon_core.package_identification:_identify(robot_manipulation/scripts/__pycache__) by extensions ['colcon_pkg']
[0.344s] Level 1:colcon.colcon_core.package_identification:_identify(robot_manipulation/scripts/__pycache__) by extension 'colcon_pkg'
[0.344s] Level 1:colcon.colcon_core.package_identification:_identify(robot_manipulation/scripts/__pycache__) by extensions ['colcon_meta']
[0.344s] Level 1:colcon.colcon_core.package_identification:_identify(robot_manipulation/scripts/__pycache__) by extension 'colcon_meta'
[0.344s] Level 1:colcon.colcon_core.package_identification:_identify(robot_manipulation/scripts/__pycache__) by extensions ['ros']
[0.344s] Level 1:colcon.colcon_core.package_identification:_identify(robot_manipulation/scripts/__pycache__) by extension 'ros'
[0.344s] Level 1:colcon.colcon_core.package_identification:_identify(robot_manipulation/scripts/__pycache__) by extensions ['cmake', 'python']
[0.344s] Level 1:colcon.colcon_core.package_identification:_identify(robot_manipulation/scripts/__pycache__) by extension 'cmake'
[0.344s] Level 1:colcon.colcon_core.package_identification:_identify(robot_manipulation/scripts/__pycache__) by extension 'python'
[0.344s] Level 1:colcon.colcon_core.package_identification:_identify(robot_manipulation/scripts/__pycache__) by extensions ['python_setup_py']
[0.344s] Level 1:colcon.colcon_core.package_identification:_identify(robot_manipulation/scripts/__pycache__) by extension 'python_setup_py'
[0.344s] Level 1:colcon.colcon_core.package_identification:_identify(robot_manipulation/scripts/jaka_orca_ui) by extensions ['ignore', 'ignore_ament_install']
[0.344s] Level 1:colcon.colcon_core.package_identification:_identify(robot_manipulation/scripts/jaka_orca_ui) by extension 'ignore'
[0.344s] Level 1:colcon.colcon_core.package_identification:_identify(robot_manipulation/scripts/jaka_orca_ui) by extension 'ignore_ament_install'
[0.344s] Level 1:colcon.colcon_core.package_identification:_identify(robot_manipulation/scripts/jaka_orca_ui) by extensions ['colcon_pkg']
[0.344s] Level 1:colcon.colcon_core.package_identification:_identify(robot_manipulation/scripts/jaka_orca_ui) by extension 'colcon_pkg'
[0.344s] Level 1:colcon.colcon_core.package_identification:_identify(robot_manipulation/scripts/jaka_orca_ui) by extensions ['colcon_meta']
[0.344s] Level 1:colcon.colcon_core.package_identification:_identify(robot_manipulation/scripts/jaka_orca_ui) by extension 'colcon_meta'
[0.344s] Level 1:colcon.colcon_core.package_identification:_identify(robot_manipulation/scripts/jaka_orca_ui) by extensions ['ros']
[0.344s] Level 1:colcon.colcon_core.package_identification:_identify(robot_manipulation/scripts/jaka_orca_ui) by extension 'ros'
[0.344s] Level 1:colcon.colcon_core.package_identification:_identify(robot_manipulation/scripts/jaka_orca_ui) by extensions ['cmake', 'python']
[0.344s] Level 1:colcon.colcon_core.package_identification:_identify(robot_manipulation/scripts/jaka_orca_ui) by extension 'cmake'
[0.344s] Level 1:colcon.colcon_core.package_identification:_identify(robot_manipulation/scripts/jaka_orca_ui) by extension 'python'
[0.344s] Level 1:colcon.colcon_core.package_identification:_identify(robot_manipulation/scripts/jaka_orca_ui) by extensions ['python_setup_py']
[0.344s] Level 1:colcon.colcon_core.package_identification:_identify(robot_manipulation/scripts/jaka_orca_ui) by extension 'python_setup_py'
[0.344s] Level 1:colcon.colcon_core.package_identification:_identify(robot_manipulation/scripts/jaka_orca_ui/__pycache__) by extensions ['ignore', 'ignore_ament_install']
[0.344s] Level 1:colcon.colcon_core.package_identification:_identify(robot_manipulation/scripts/jaka_orca_ui/__pycache__) by extension 'ignore'
[0.344s] Level 1:colcon.colcon_core.package_identification:_identify(robot_manipulation/scripts/jaka_orca_ui/__pycache__) by extension 'ignore_ament_install'
[0.344s] Level 1:colcon.colcon_core.package_identification:_identify(robot_manipulation/scripts/jaka_orca_ui/__pycache__) by extensions ['colcon_pkg']
[0.344s] Level 1:colcon.colcon_core.package_identification:_identify(robot_manipulation/scripts/jaka_orca_ui/__pycache__) by extension 'colcon_pkg'
[0.344s] Level 1:colcon.colcon_core.package_identification:_identify(robot_manipulation/scripts/jaka_orca_ui/__pycache__) by extensions ['colcon_meta']
[0.344s] Level 1:colcon.colcon_core.package_identification:_identify(robot_manipulation/scripts/jaka_orca_ui/__pycache__) by extension 'colcon_meta'
[0.344s] Level 1:colcon.colcon_core.package_identification:_identify(robot_manipulation/scripts/jaka_orca_ui/__pycache__) by extensions ['ros']
[0.344s] Level 1:colcon.colcon_core.package_identification:_identify(robot_manipulation/scripts/jaka_orca_ui/__pycache__) by extension 'ros'
[0.344s] Level 1:colcon.colcon_core.package_identification:_identify(robot_manipulation/scripts/jaka_orca_ui/__pycache__) by extensions ['cmake', 'python']
[0.344s] Level 1:colcon.colcon_core.package_identification:_identify(robot_manipulation/scripts/jaka_orca_ui/__pycache__) by extension 'cmake'
[0.344s] Level 1:colcon.colcon_core.package_identification:_identify(robot_manipulation/scripts/jaka_orca_ui/__pycache__) by extension 'python'
[0.344s] Level 1:colcon.colcon_core.package_identification:_identify(robot_manipulation/scripts/jaka_orca_ui/__pycache__) by extensions ['python_setup_py']
[0.344s] Level 1:colcon.colcon_core.package_identification:_identify(robot_manipulation/scripts/jaka_orca_ui/__pycache__) by extension 'python_setup_py'
[0.344s] Level 1:colcon.colcon_core.package_identification:_identify(robot_manipulation/scripts/trial_plans) by extensions ['ignore', 'ignore_ament_install']
[0.345s] Level 1:colcon.colcon_core.package_identification:_identify(robot_manipulation/scripts/trial_plans) by extension 'ignore'
[0.345s] Level 1:colcon.colcon_core.package_identification:_identify(robot_manipulation/scripts/trial_plans) by extension 'ignore_ament_install'
[0.345s] Level 1:colcon.colcon_core.package_identification:_identify(robot_manipulation/scripts/trial_plans) by extensions ['colcon_pkg']
[0.345s] Level 1:colcon.colcon_core.package_identification:_identify(robot_manipulation/scripts/trial_plans) by extension 'colcon_pkg'
[0.345s] Level 1:colcon.colcon_core.package_identification:_identify(robot_manipulation/scripts/trial_plans) by extensions ['colcon_meta']
[0.345s] Level 1:colcon.colcon_core.package_identification:_identify(robot_manipulation/scripts/trial_plans) by extension 'colcon_meta'
[0.345s] Level 1:colcon.colcon_core.package_identification:_identify(robot_manipulation/scripts/trial_plans) by extensions ['ros']
[0.345s] Level 1:colcon.colcon_core.package_identification:_identify(robot_manipulation/scripts/trial_plans) by extension 'ros'
[0.345s] Level 1:colcon.colcon_core.package_identification:_identify(robot_manipulation/scripts/trial_plans) by extensions ['cmake', 'python']
[0.345s] Level 1:colcon.colcon_core.package_identification:_identify(robot_manipulation/scripts/trial_plans) by extension 'cmake'
[0.345s] Level 1:colcon.colcon_core.package_identification:_identify(robot_manipulation/scripts/trial_plans) by extension 'python'
[0.345s] Level 1:colcon.colcon_core.package_identification:_identify(robot_manipulation/scripts/trial_plans) by extensions ['python_setup_py']
[0.345s] Level 1:colcon.colcon_core.package_identification:_identify(robot_manipulation/scripts/trial_plans) by extension 'python_setup_py'
[0.345s] Level 1:colcon.colcon_core.package_identification:_identify(scripts) by extensions ['ignore', 'ignore_ament_install']
[0.345s] Level 1:colcon.colcon_core.package_identification:_identify(scripts) by extension 'ignore'
[0.345s] Level 1:colcon.colcon_core.package_identification:_identify(scripts) by extension 'ignore_ament_install'
[0.345s] Level 1:colcon.colcon_core.package_identification:_identify(scripts) by extensions ['colcon_pkg']
[0.345s] Level 1:colcon.colcon_core.package_identification:_identify(scripts) by extension 'colcon_pkg'
[0.345s] Level 1:colcon.colcon_core.package_identification:_identify(scripts) by extensions ['colcon_meta']
[0.345s] Level 1:colcon.colcon_core.package_identification:_identify(scripts) by extension 'colcon_meta'
[0.345s] Level 1:colcon.colcon_core.package_identification:_identify(scripts) by extensions ['ros']
[0.345s] Level 1:colcon.colcon_core.package_identification:_identify(scripts) by extension 'ros'
[0.345s] Level 1:colcon.colcon_core.package_identification:_identify(scripts) by extensions ['cmake', 'python']
[0.345s] Level 1:colcon.colcon_core.package_identification:_identify(scripts) by extension 'cmake'
[0.345s] Level 1:colcon.colcon_core.package_identification:_identify(scripts) by extension 'python'
[0.345s] Level 1:colcon.colcon_core.package_identification:_identify(scripts) by extensions ['python_setup_py']
[0.345s] Level 1:colcon.colcon_core.package_identification:_identify(scripts) by extension 'python_setup_py'
[0.345s] Level 1:colcon.colcon_core.package_identification:_identify(tests) by extensions ['ignore', 'ignore_ament_install']
[0.345s] Level 1:colcon.colcon_core.package_identification:_identify(tests) by extension 'ignore'
[0.345s] Level 1:colcon.colcon_core.package_identification:_identify(tests) by extension 'ignore_ament_install'
[0.345s] Level 1:colcon.colcon_core.package_identification:_identify(tests) by extensions ['colcon_pkg']
[0.345s] Level 1:colcon.colcon_core.package_identification:_identify(tests) by extension 'colcon_pkg'
[0.345s] Level 1:colcon.colcon_core.package_identification:_identify(tests) by extensions ['colcon_meta']
[0.345s] Level 1:colcon.colcon_core.package_identification:_identify(tests) by extension 'colcon_meta'
[0.345s] Level 1:colcon.colcon_core.package_identification:_identify(tests) by extensions ['ros']
[0.345s] Level 1:colcon.colcon_core.package_identification:_identify(tests) by extension 'ros'
[0.345s] Level 1:colcon.colcon_core.package_identification:_identify(tests) by extensions ['cmake', 'python']
[0.345s] Level 1:colcon.colcon_core.package_identification:_identify(tests) by extension 'cmake'
[0.345s] Level 1:colcon.colcon_core.package_identification:_identify(tests) by extension 'python'
[0.345s] Level 1:colcon.colcon_core.package_identification:_identify(tests) by extensions ['python_setup_py']
[0.345s] Level 1:colcon.colcon_core.package_identification:_identify(tests) by extension 'python_setup_py'
[0.346s] Level 1:colcon.colcon_core.package_identification:_identify(umi_mono) by extensions ['ignore', 'ignore_ament_install']
[0.346s] Level 1:colcon.colcon_core.package_identification:_identify(umi_mono) by extension 'ignore'
[0.346s] Level 1:colcon.colcon_core.package_identification:_identify(umi_mono) by extension 'ignore_ament_install'
[0.346s] Level 1:colcon.colcon_core.package_identification:_identify(umi_mono) by extensions ['colcon_pkg']
[0.346s] Level 1:colcon.colcon_core.package_identification:_identify(umi_mono) by extension 'colcon_pkg'
[0.346s] Level 1:colcon.colcon_core.package_identification:_identify(umi_mono) by extensions ['colcon_meta']
[0.346s] Level 1:colcon.colcon_core.package_identification:_identify(umi_mono) by extension 'colcon_meta'
[0.346s] Level 1:colcon.colcon_core.package_identification:_identify(umi_mono) by extensions ['ros']
[0.346s] Level 1:colcon.colcon_core.package_identification:_identify(umi_mono) by extension 'ros'
[0.346s] Level 1:colcon.colcon_core.package_identification:_identify(umi_mono) by extensions ['cmake', 'python']
[0.346s] Level 1:colcon.colcon_core.package_identification:_identify(umi_mono) by extension 'cmake'
[0.346s] Level 1:colcon.colcon_core.package_identification:_identify(umi_mono) by extension 'python'
[0.346s] Level 1:colcon.colcon_core.package_identification:_identify(umi_mono) by extensions ['python_setup_py']
[0.346s] Level 1:colcon.colcon_core.package_identification:_identify(umi_mono) by extension 'python_setup_py'
[0.346s] Level 1:colcon.colcon_core.package_identification:_identify(umi_mono/__pycache__) by extensions ['ignore', 'ignore_ament_install']
[0.346s] Level 1:colcon.colcon_core.package_identification:_identify(umi_mono/__pycache__) by extension 'ignore'
[0.346s] Level 1:colcon.colcon_core.package_identification:_identify(umi_mono/__pycache__) by extension 'ignore_ament_install'
[0.346s] Level 1:colcon.colcon_core.package_identification:_identify(umi_mono/__pycache__) by extensions ['colcon_pkg']
[0.346s] Level 1:colcon.colcon_core.package_identification:_identify(umi_mono/__pycache__) by extension 'colcon_pkg'
[0.346s] Level 1:colcon.colcon_core.package_identification:_identify(umi_mono/__pycache__) by extensions ['colcon_meta']
[0.346s] Level 1:colcon.colcon_core.package_identification:_identify(umi_mono/__pycache__) by extension 'colcon_meta'
[0.346s] Level 1:colcon.colcon_core.package_identification:_identify(umi_mono/__pycache__) by extensions ['ros']
[0.346s] Level 1:colcon.colcon_core.package_identification:_identify(umi_mono/__pycache__) by extension 'ros'
[0.346s] Level 1:colcon.colcon_core.package_identification:_identify(umi_mono/__pycache__) by extensions ['cmake', 'python']
[0.346s] Level 1:colcon.colcon_core.package_identification:_identify(umi_mono/__pycache__) by extension 'cmake'
[0.346s] Level 1:colcon.colcon_core.package_identification:_identify(umi_mono/__pycache__) by extension 'python'
[0.346s] Level 1:colcon.colcon_core.package_identification:_identify(umi_mono/__pycache__) by extensions ['python_setup_py']
[0.346s] Level 1:colcon.colcon_core.package_identification:_identify(umi_mono/__pycache__) by extension 'python_setup_py'
[0.346s] Level 1:colcon.colcon_core.package_identification:_identify(umi_mono/config) by extensions ['ignore', 'ignore_ament_install']
[0.346s] Level 1:colcon.colcon_core.package_identification:_identify(umi_mono/config) by extension 'ignore'
[0.346s] Level 1:colcon.colcon_core.package_identification:_identify(umi_mono/config) by extension 'ignore_ament_install'
[0.346s] Level 1:colcon.colcon_core.package_identification:_identify(umi_mono/config) by extensions ['colcon_pkg']
[0.346s] Level 1:colcon.colcon_core.package_identification:_identify(umi_mono/config) by extension 'colcon_pkg'
[0.346s] Level 1:colcon.colcon_core.package_identification:_identify(umi_mono/config) by extensions ['colcon_meta']
[0.346s] Level 1:colcon.colcon_core.package_identification:_identify(umi_mono/config) by extension 'colcon_meta'
[0.346s] Level 1:colcon.colcon_core.package_identification:_identify(umi_mono/config) by extensions ['ros']
[0.346s] Level 1:colcon.colcon_core.package_identification:_identify(umi_mono/config) by extension 'ros'
[0.346s] Level 1:colcon.colcon_core.package_identification:_identify(umi_mono/config) by extensions ['cmake', 'python']
[0.346s] Level 1:colcon.colcon_core.package_identification:_identify(umi_mono/config) by extension 'cmake'
[0.346s] Level 1:colcon.colcon_core.package_identification:_identify(umi_mono/config) by extension 'python'
[0.346s] Level 1:colcon.colcon_core.package_identification:_identify(umi_mono/config) by extensions ['python_setup_py']
[0.346s] Level 1:colcon.colcon_core.package_identification:_identify(umi_mono/config) by extension 'python_setup_py'
[0.347s] Level 1:colcon.colcon_core.package_identification:_identify(umi_mono/example) by extensions ['ignore', 'ignore_ament_install']
[0.347s] Level 1:colcon.colcon_core.package_identification:_identify(umi_mono/example) by extension 'ignore'
[0.347s] Level 1:colcon.colcon_core.package_identification:_identify(umi_mono/example) by extension 'ignore_ament_install'
[0.347s] Level 1:colcon.colcon_core.package_identification:_identify(umi_mono/example) by extensions ['colcon_pkg']
[0.347s] Level 1:colcon.colcon_core.package_identification:_identify(umi_mono/example) by extension 'colcon_pkg'
[0.347s] Level 1:colcon.colcon_core.package_identification:_identify(umi_mono/example) by extensions ['colcon_meta']
[0.347s] Level 1:colcon.colcon_core.package_identification:_identify(umi_mono/example) by extension 'colcon_meta'
[0.347s] Level 1:colcon.colcon_core.package_identification:_identify(umi_mono/example) by extensions ['ros']
[0.347s] Level 1:colcon.colcon_core.package_identification:_identify(umi_mono/example) by extension 'ros'
[0.347s] Level 1:colcon.colcon_core.package_identification:_identify(umi_mono/example) by extensions ['cmake', 'python']
[0.347s] Level 1:colcon.colcon_core.package_identification:_identify(umi_mono/example) by extension 'cmake'
[0.347s] Level 1:colcon.colcon_core.package_identification:_identify(umi_mono/example) by extension 'python'
[0.347s] Level 1:colcon.colcon_core.package_identification:_identify(umi_mono/example) by extensions ['python_setup_py']
[0.347s] Level 1:colcon.colcon_core.package_identification:_identify(umi_mono/example) by extension 'python_setup_py'
[0.347s] Level 1:colcon.colcon_core.package_identification:_identify(umi_mono/example/calibration) by extensions ['ignore', 'ignore_ament_install']
[0.347s] Level 1:colcon.colcon_core.package_identification:_identify(umi_mono/example/calibration) by extension 'ignore'
[0.347s] Level 1:colcon.colcon_core.package_identification:_identify(umi_mono/example/calibration) by extension 'ignore_ament_install'
[0.347s] Level 1:colcon.colcon_core.package_identification:_identify(umi_mono/example/calibration) by extensions ['colcon_pkg']
[0.347s] Level 1:colcon.colcon_core.package_identification:_identify(umi_mono/example/calibration) by extension 'colcon_pkg'
[0.347s] Level 1:colcon.colcon_core.package_identification:_identify(umi_mono/example/calibration) by extensions ['colcon_meta']
[0.347s] Level 1:colcon.colcon_core.package_identification:_identify(umi_mono/example/calibration) by extension 'colcon_meta'
[0.347s] Level 1:colcon.colcon_core.package_identification:_identify(umi_mono/example/calibration) by extensions ['ros']
[0.347s] Level 1:colcon.colcon_core.package_identification:_identify(umi_mono/example/calibration) by extension 'ros'
[0.347s] Level 1:colcon.colcon_core.package_identification:_identify(umi_mono/example/calibration) by extensions ['cmake', 'python']
[0.347s] Level 1:colcon.colcon_core.package_identification:_identify(umi_mono/example/calibration) by extension 'cmake'
[0.347s] Level 1:colcon.colcon_core.package_identification:_identify(umi_mono/example/calibration) by extension 'python'
[0.347s] Level 1:colcon.colcon_core.package_identification:_identify(umi_mono/example/calibration) by extensions ['python_setup_py']
[0.347s] Level 1:colcon.colcon_core.package_identification:_identify(umi_mono/example/calibration) by extension 'python_setup_py'
[0.347s] Level 1:colcon.colcon_core.package_identification:_identify(umi_mono/external) by extensions ['ignore', 'ignore_ament_install']
[0.347s] Level 1:colcon.colcon_core.package_identification:_identify(umi_mono/external) by extension 'ignore'
[0.347s] Level 1:colcon.colcon_core.package_identification:_identify(umi_mono/external) by extension 'ignore_ament_install'
[0.347s] Level 1:colcon.colcon_core.package_identification:_identify(umi_mono/external) by extensions ['colcon_pkg']
[0.347s] Level 1:colcon.colcon_core.package_identification:_identify(umi_mono/external) by extension 'colcon_pkg'
[0.347s] Level 1:colcon.colcon_core.package_identification:_identify(umi_mono/external) by extensions ['colcon_meta']
[0.347s] Level 1:colcon.colcon_core.package_identification:_identify(umi_mono/external) by extension 'colcon_meta'
[0.347s] Level 1:colcon.colcon_core.package_identification:_identify(umi_mono/external) by extensions ['ros']
[0.347s] Level 1:colcon.colcon_core.package_identification:_identify(umi_mono/external) by extension 'ros'
[0.347s] Level 1:colcon.colcon_core.package_identification:_identify(umi_mono/external) by extensions ['cmake', 'python']
[0.347s] Level 1:colcon.colcon_core.package_identification:_identify(umi_mono/external) by extension 'cmake'
[0.347s] Level 1:colcon.colcon_core.package_identification:_identify(umi_mono/external) by extension 'python'
[0.348s] Level 1:colcon.colcon_core.package_identification:_identify(umi_mono/external) by extensions ['python_setup_py']
[0.348s] Level 1:colcon.colcon_core.package_identification:_identify(umi_mono/external) by extension 'python_setup_py'
[0.348s] Level 1:colcon.colcon_core.package_identification:_identify(umi_mono/external/ORB_SLAM3_fork) by extensions ['ignore', 'ignore_ament_install']
[0.348s] Level 1:colcon.colcon_core.package_identification:_identify(umi_mono/external/ORB_SLAM3_fork) by extension 'ignore'
[0.348s] Level 1:colcon.colcon_core.package_identification:_identify(umi_mono/external/ORB_SLAM3_fork) by extension 'ignore_ament_install'
[0.348s] Level 1:colcon.colcon_core.package_identification:_identify(umi_mono/external/ORB_SLAM3_fork) by extensions ['colcon_pkg']
[0.348s] Level 1:colcon.colcon_core.package_identification:_identify(umi_mono/external/ORB_SLAM3_fork) by extension 'colcon_pkg'
[0.348s] Level 1:colcon.colcon_core.package_identification:_identify(umi_mono/external/ORB_SLAM3_fork) by extensions ['colcon_meta']
[0.348s] Level 1:colcon.colcon_core.package_identification:_identify(umi_mono/external/ORB_SLAM3_fork) by extension 'colcon_meta'
[0.348s] Level 1:colcon.colcon_core.package_identification:_identify(umi_mono/external/ORB_SLAM3_fork) by extensions ['ros']
[0.348s] Level 1:colcon.colcon_core.package_identification:_identify(umi_mono/external/ORB_SLAM3_fork) by extension 'ros'
[0.348s] Level 1:colcon.colcon_core.package_identification:_identify(umi_mono/external/ORB_SLAM3_fork) by extensions ['cmake', 'python']
[0.348s] Level 1:colcon.colcon_core.package_identification:_identify(umi_mono/external/ORB_SLAM3_fork) by extension 'cmake'
[0.357s] Level 1:colcon.colcon_core.package_identification:_identify(umi_mono/external/ORB_SLAM3_fork) by extension 'python'
[0.357s] DEBUG:colcon.colcon_core.package_identification:Package 'umi_mono/external/ORB_SLAM3_fork' with type 'cmake' and name 'ORB_SLAM3'
[0.357s] Level 1:colcon.colcon_core.package_identification:_identify(umi_mono/external/Pangolin) by extensions ['ignore', 'ignore_ament_install']
[0.357s] Level 1:colcon.colcon_core.package_identification:_identify(umi_mono/external/Pangolin) by extension 'ignore'
[0.357s] Level 1:colcon.colcon_core.package_identification:_identify(umi_mono/external/Pangolin) by extension 'ignore_ament_install'
[0.357s] Level 1:colcon.colcon_core.package_identification:_identify(umi_mono/external/Pangolin) by extensions ['colcon_pkg']
[0.358s] Level 1:colcon.colcon_core.package_identification:_identify(umi_mono/external/Pangolin) by extension 'colcon_pkg'
[0.358s] Level 1:colcon.colcon_core.package_identification:_identify(umi_mono/external/Pangolin) by extensions ['colcon_meta']
[0.358s] Level 1:colcon.colcon_core.package_identification:_identify(umi_mono/external/Pangolin) by extension 'colcon_meta'
[0.358s] Level 1:colcon.colcon_core.package_identification:_identify(umi_mono/external/Pangolin) by extensions ['ros']
[0.358s] Level 1:colcon.colcon_core.package_identification:_identify(umi_mono/external/Pangolin) by extension 'ros'
[0.358s] DEBUG:colcon.colcon_core.package_identification:Package 'umi_mono/external/Pangolin' with type 'ros.cmake' and name 'pangolin'
[0.358s] Level 1:colcon.colcon_core.package_identification:_identify(umi_mono/external/Sophus) by extensions ['ignore', 'ignore_ament_install']
[0.358s] Level 1:colcon.colcon_core.package_identification:_identify(umi_mono/external/Sophus) by extension 'ignore'
[0.358s] Level 1:colcon.colcon_core.package_identification:_identify(umi_mono/external/Sophus) by extension 'ignore_ament_install'
[0.358s] Level 1:colcon.colcon_core.package_identification:_identify(umi_mono/external/Sophus) by extensions ['colcon_pkg']
[0.358s] Level 1:colcon.colcon_core.package_identification:_identify(umi_mono/external/Sophus) by extension 'colcon_pkg'
[0.358s] Level 1:colcon.colcon_core.package_identification:_identify(umi_mono/external/Sophus) by extensions ['colcon_meta']
[0.358s] Level 1:colcon.colcon_core.package_identification:_identify(umi_mono/external/Sophus) by extension 'colcon_meta'
[0.358s] Level 1:colcon.colcon_core.package_identification:_identify(umi_mono/external/Sophus) by extensions ['ros']
[0.358s] Level 1:colcon.colcon_core.package_identification:_identify(umi_mono/external/Sophus) by extension 'ros'
[0.359s] DEBUG:colcon.colcon_core.package_identification:Package 'umi_mono/external/Sophus' with type 'ros.cmake' and name 'sophus'
[0.359s] Level 1:colcon.colcon_core.package_identification:_identify(umi_mono/external/cppzmq) by extensions ['ignore', 'ignore_ament_install']
[0.359s] Level 1:colcon.colcon_core.package_identification:_identify(umi_mono/external/cppzmq) by extension 'ignore'
[0.359s] Level 1:colcon.colcon_core.package_identification:_identify(umi_mono/external/cppzmq) by extension 'ignore_ament_install'
[0.359s] Level 1:colcon.colcon_core.package_identification:_identify(umi_mono/external/cppzmq) by extensions ['colcon_pkg']
[0.359s] Level 1:colcon.colcon_core.package_identification:_identify(umi_mono/external/cppzmq) by extension 'colcon_pkg'
[0.359s] Level 1:colcon.colcon_core.package_identification:_identify(umi_mono/external/cppzmq) by extensions ['colcon_meta']
[0.359s] Level 1:colcon.colcon_core.package_identification:_identify(umi_mono/external/cppzmq) by extension 'colcon_meta'
[0.359s] Level 1:colcon.colcon_core.package_identification:_identify(umi_mono/external/cppzmq) by extensions ['ros']
[0.359s] Level 1:colcon.colcon_core.package_identification:_identify(umi_mono/external/cppzmq) by extension 'ros'
[0.359s] Level 1:colcon.colcon_core.package_identification:_identify(umi_mono/external/cppzmq) by extensions ['cmake', 'python']
[0.359s] Level 1:colcon.colcon_core.package_identification:_identify(umi_mono/external/cppzmq) by extension 'cmake'
[0.360s] Level 1:colcon.colcon_core.package_identification:_identify(umi_mono/external/cppzmq) by extension 'python'
[0.360s] DEBUG:colcon.colcon_core.package_identification:Package 'umi_mono/external/cppzmq' with type 'cmake' and name 'cppzmq'
[0.360s] Level 1:colcon.colcon_core.package_identification:_identify(umi_mono/ros2_ws) by extensions ['ignore', 'ignore_ament_install']
[0.360s] Level 1:colcon.colcon_core.package_identification:_identify(umi_mono/ros2_ws) by extension 'ignore'
[0.360s] Level 1:colcon.colcon_core.package_identification:_identify(umi_mono/ros2_ws) by extension 'ignore_ament_install'
[0.360s] Level 1:colcon.colcon_core.package_identification:_identify(umi_mono/ros2_ws) by extensions ['colcon_pkg']
[0.360s] Level 1:colcon.colcon_core.package_identification:_identify(umi_mono/ros2_ws) by extension 'colcon_pkg'
[0.360s] Level 1:colcon.colcon_core.package_identification:_identify(umi_mono/ros2_ws) by extensions ['colcon_meta']
[0.360s] Level 1:colcon.colcon_core.package_identification:_identify(umi_mono/ros2_ws) by extension 'colcon_meta'
[0.360s] Level 1:colcon.colcon_core.package_identification:_identify(umi_mono/ros2_ws) by extensions ['ros']
[0.360s] Level 1:colcon.colcon_core.package_identification:_identify(umi_mono/ros2_ws) by extension 'ros'
[0.360s] Level 1:colcon.colcon_core.package_identification:_identify(umi_mono/ros2_ws) by extensions ['cmake', 'python']
[0.360s] Level 1:colcon.colcon_core.package_identification:_identify(umi_mono/ros2_ws) by extension 'cmake'
[0.360s] Level 1:colcon.colcon_core.package_identification:_identify(umi_mono/ros2_ws) by extension 'python'
[0.360s] Level 1:colcon.colcon_core.package_identification:_identify(umi_mono/ros2_ws) by extensions ['python_setup_py']
[0.360s] Level 1:colcon.colcon_core.package_identification:_identify(umi_mono/ros2_ws) by extension 'python_setup_py'
[0.360s] Level 1:colcon.colcon_core.package_identification:_identify(umi_mono/ros2_ws/build) by extensions ['ignore', 'ignore_ament_install']
[0.360s] Level 1:colcon.colcon_core.package_identification:_identify(umi_mono/ros2_ws/build) by extension 'ignore'
[0.360s] Level 1:colcon.colcon_core.package_identification:_identify(umi_mono/ros2_ws/build) ignored
[0.360s] Level 1:colcon.colcon_core.package_identification:_identify(umi_mono/ros2_ws/dexslide_slam_publisher) by extensions ['ignore', 'ignore_ament_install']
[0.360s] Level 1:colcon.colcon_core.package_identification:_identify(umi_mono/ros2_ws/dexslide_slam_publisher) by extension 'ignore'
[0.360s] Level 1:colcon.colcon_core.package_identification:_identify(umi_mono/ros2_ws/dexslide_slam_publisher) by extension 'ignore_ament_install'
[0.360s] Level 1:colcon.colcon_core.package_identification:_identify(umi_mono/ros2_ws/dexslide_slam_publisher) by extensions ['colcon_pkg']
[0.360s] Level 1:colcon.colcon_core.package_identification:_identify(umi_mono/ros2_ws/dexslide_slam_publisher) by extension 'colcon_pkg'
[0.360s] Level 1:colcon.colcon_core.package_identification:_identify(umi_mono/ros2_ws/dexslide_slam_publisher) by extensions ['colcon_meta']
[0.360s] Level 1:colcon.colcon_core.package_identification:_identify(umi_mono/ros2_ws/dexslide_slam_publisher) by extension 'colcon_meta'
[0.360s] Level 1:colcon.colcon_core.package_identification:_identify(umi_mono/ros2_ws/dexslide_slam_publisher) by extensions ['ros']
[0.360s] Level 1:colcon.colcon_core.package_identification:_identify(umi_mono/ros2_ws/dexslide_slam_publisher) by extension 'ros'
[0.361s] DEBUG:colcon.colcon_core.package_identification:Package 'umi_mono/ros2_ws/dexslide_slam_publisher' with type 'ros.ament_cmake' and name 'dexslide_slam_publisher'
[0.361s] Level 1:colcon.colcon_core.package_identification:_identify(umi_mono/ros2_ws/install) by extensions ['ignore', 'ignore_ament_install']
[0.361s] Level 1:colcon.colcon_core.package_identification:_identify(umi_mono/ros2_ws/install) by extension 'ignore'
[0.361s] Level 1:colcon.colcon_core.package_identification:_identify(umi_mono/ros2_ws/install) ignored
[0.361s] Level 1:colcon.colcon_core.package_identification:_identify(umi_mono/ros2_ws/log) by extensions ['ignore', 'ignore_ament_install']
[0.361s] Level 1:colcon.colcon_core.package_identification:_identify(umi_mono/ros2_ws/log) by extension 'ignore'
[0.361s] Level 1:colcon.colcon_core.package_identification:_identify(umi_mono/ros2_ws/log) ignored
[0.361s] Level 1:colcon.colcon_core.package_identification:_identify(umi_mono/scripts) by extensions ['ignore', 'ignore_ament_install']
[0.361s] Level 1:colcon.colcon_core.package_identification:_identify(umi_mono/scripts) by extension 'ignore'
[0.361s] Level 1:colcon.colcon_core.package_identification:_identify(umi_mono/scripts) by extension 'ignore_ament_install'
[0.361s] Level 1:colcon.colcon_core.package_identification:_identify(umi_mono/scripts) by extensions ['colcon_pkg']
[0.361s] Level 1:colcon.colcon_core.package_identification:_identify(umi_mono/scripts) by extension 'colcon_pkg'
[0.361s] Level 1:colcon.colcon_core.package_identification:_identify(umi_mono/scripts) by extensions ['colcon_meta']
[0.361s] Level 1:colcon.colcon_core.package_identification:_identify(umi_mono/scripts) by extension 'colcon_meta'
[0.361s] Level 1:colcon.colcon_core.package_identification:_identify(umi_mono/scripts) by extensions ['ros']
[0.361s] Level 1:colcon.colcon_core.package_identification:_identify(umi_mono/scripts) by extension 'ros'
[0.361s] Level 1:colcon.colcon_core.package_identification:_identify(umi_mono/scripts) by extensions ['cmake', 'python']
[0.361s] Level 1:colcon.colcon_core.package_identification:_identify(umi_mono/scripts) by extension 'cmake'
[0.361s] Level 1:colcon.colcon_core.package_identification:_identify(umi_mono/scripts) by extension 'python'
[0.361s] Level 1:colcon.colcon_core.package_identification:_identify(umi_mono/scripts) by extensions ['python_setup_py']
[0.361s] Level 1:colcon.colcon_core.package_identification:_identify(umi_mono/scripts) by extension 'python_setup_py'
[0.361s] Level 1:colcon.colcon_core.package_identification:_identify(umi_mono/scripts_slam_pipeline_ours) by extensions ['ignore', 'ignore_ament_install']
[0.362s] Level 1:colcon.colcon_core.package_identification:_identify(umi_mono/scripts_slam_pipeline_ours) by extension 'ignore'
[0.362s] Level 1:colcon.colcon_core.package_identification:_identify(umi_mono/scripts_slam_pipeline_ours) by extension 'ignore_ament_install'
[0.362s] Level 1:colcon.colcon_core.package_identification:_identify(umi_mono/scripts_slam_pipeline_ours) by extensions ['colcon_pkg']
[0.362s] Level 1:colcon.colcon_core.package_identification:_identify(umi_mono/scripts_slam_pipeline_ours) by extension 'colcon_pkg'
[0.362s] Level 1:colcon.colcon_core.package_identification:_identify(umi_mono/scripts_slam_pipeline_ours) by extensions ['colcon_meta']
[0.362s] Level 1:colcon.colcon_core.package_identification:_identify(umi_mono/scripts_slam_pipeline_ours) by extension 'colcon_meta'
[0.362s] Level 1:colcon.colcon_core.package_identification:_identify(umi_mono/scripts_slam_pipeline_ours) by extensions ['ros']
[0.362s] Level 1:colcon.colcon_core.package_identification:_identify(umi_mono/scripts_slam_pipeline_ours) by extension 'ros'
[0.362s] Level 1:colcon.colcon_core.package_identification:_identify(umi_mono/scripts_slam_pipeline_ours) by extensions ['cmake', 'python']
[0.362s] Level 1:colcon.colcon_core.package_identification:_identify(umi_mono/scripts_slam_pipeline_ours) by extension 'cmake'
[0.362s] Level 1:colcon.colcon_core.package_identification:_identify(umi_mono/scripts_slam_pipeline_ours) by extension 'python'
[0.362s] Level 1:colcon.colcon_core.package_identification:_identify(umi_mono/scripts_slam_pipeline_ours) by extensions ['python_setup_py']
[0.362s] Level 1:colcon.colcon_core.package_identification:_identify(umi_mono/scripts_slam_pipeline_ours) by extension 'python_setup_py'
[0.362s] Level 1:colcon.colcon_core.package_identification:_identify(umi_mono/scripts_slam_pipeline_ros2) by extensions ['ignore', 'ignore_ament_install']
[0.362s] Level 1:colcon.colcon_core.package_identification:_identify(umi_mono/scripts_slam_pipeline_ros2) by extension 'ignore'
[0.362s] Level 1:colcon.colcon_core.package_identification:_identify(umi_mono/scripts_slam_pipeline_ros2) by extension 'ignore_ament_install'
[0.362s] Level 1:colcon.colcon_core.package_identification:_identify(umi_mono/scripts_slam_pipeline_ros2) by extensions ['colcon_pkg']
[0.362s] Level 1:colcon.colcon_core.package_identification:_identify(umi_mono/scripts_slam_pipeline_ros2) by extension 'colcon_pkg'
[0.362s] Level 1:colcon.colcon_core.package_identification:_identify(umi_mono/scripts_slam_pipeline_ros2) by extensions ['colcon_meta']
[0.362s] Level 1:colcon.colcon_core.package_identification:_identify(umi_mono/scripts_slam_pipeline_ros2) by extension 'colcon_meta'
[0.362s] Level 1:colcon.colcon_core.package_identification:_identify(umi_mono/scripts_slam_pipeline_ros2) by extensions ['ros']
[0.362s] Level 1:colcon.colcon_core.package_identification:_identify(umi_mono/scripts_slam_pipeline_ros2) by extension 'ros'
[0.362s] Level 1:colcon.colcon_core.package_identification:_identify(umi_mono/scripts_slam_pipeline_ros2) by extensions ['cmake', 'python']
[0.362s] Level 1:colcon.colcon_core.package_identification:_identify(umi_mono/scripts_slam_pipeline_ros2) by extension 'cmake'
[0.362s] Level 1:colcon.colcon_core.package_identification:_identify(umi_mono/scripts_slam_pipeline_ros2) by extension 'python'
[0.362s] Level 1:colcon.colcon_core.package_identification:_identify(umi_mono/scripts_slam_pipeline_ros2) by extensions ['python_setup_py']
[0.362s] Level 1:colcon.colcon_core.package_identification:_identify(umi_mono/scripts_slam_pipeline_ros2) by extension 'python_setup_py'
[0.362s] Level 1:colcon.colcon_core.package_identification:_identify(umi_mono/scripts_slam_pipeline_ros2/__pycache__) by extensions ['ignore', 'ignore_ament_install']
[0.362s] Level 1:colcon.colcon_core.package_identification:_identify(umi_mono/scripts_slam_pipeline_ros2/__pycache__) by extension 'ignore'
[0.362s] Level 1:colcon.colcon_core.package_identification:_identify(umi_mono/scripts_slam_pipeline_ros2/__pycache__) by extension 'ignore_ament_install'
[0.362s] Level 1:colcon.colcon_core.package_identification:_identify(umi_mono/scripts_slam_pipeline_ros2/__pycache__) by extensions ['colcon_pkg']
[0.362s] Level 1:colcon.colcon_core.package_identification:_identify(umi_mono/scripts_slam_pipeline_ros2/__pycache__) by extension 'colcon_pkg'
[0.362s] Level 1:colcon.colcon_core.package_identification:_identify(umi_mono/scripts_slam_pipeline_ros2/__pycache__) by extensions ['colcon_meta']
[0.362s] Level 1:colcon.colcon_core.package_identification:_identify(umi_mono/scripts_slam_pipeline_ros2/__pycache__) by extension 'colcon_meta'
[0.362s] Level 1:colcon.colcon_core.package_identification:_identify(umi_mono/scripts_slam_pipeline_ros2/__pycache__) by extensions ['ros']
[0.362s] Level 1:colcon.colcon_core.package_identification:_identify(umi_mono/scripts_slam_pipeline_ros2/__pycache__) by extension 'ros'
[0.362s] Level 1:colcon.colcon_core.package_identification:_identify(umi_mono/scripts_slam_pipeline_ros2/__pycache__) by extensions ['cmake', 'python']
[0.362s] Level 1:colcon.colcon_core.package_identification:_identify(umi_mono/scripts_slam_pipeline_ros2/__pycache__) by extension 'cmake'
[0.362s] Level 1:colcon.colcon_core.package_identification:_identify(umi_mono/scripts_slam_pipeline_ros2/__pycache__) by extension 'python'
[0.362s] Level 1:colcon.colcon_core.package_identification:_identify(umi_mono/scripts_slam_pipeline_ros2/__pycache__) by extensions ['python_setup_py']
[0.362s] Level 1:colcon.colcon_core.package_identification:_identify(umi_mono/scripts_slam_pipeline_ros2/__pycache__) by extension 'python_setup_py'
[0.362s] Level 1:colcon.colcon_core.package_identification:_identify(umi_mono/tests) by extensions ['ignore', 'ignore_ament_install']
[0.363s] Level 1:colcon.colcon_core.package_identification:_identify(umi_mono/tests) by extension 'ignore'
[0.363s] Level 1:colcon.colcon_core.package_identification:_identify(umi_mono/tests) by extension 'ignore_ament_install'
[0.363s] Level 1:colcon.colcon_core.package_identification:_identify(umi_mono/tests) by extensions ['colcon_pkg']
[0.363s] Level 1:colcon.colcon_core.package_identification:_identify(umi_mono/tests) by extension 'colcon_pkg'
[0.363s] Level 1:colcon.colcon_core.package_identification:_identify(umi_mono/tests) by extensions ['colcon_meta']
[0.363s] Level 1:colcon.colcon_core.package_identification:_identify(umi_mono/tests) by extension 'colcon_meta'
[0.363s] Level 1:colcon.colcon_core.package_identification:_identify(umi_mono/tests) by extensions ['ros']
[0.363s] Level 1:colcon.colcon_core.package_identification:_identify(umi_mono/tests) by extension 'ros'
[0.363s] Level 1:colcon.colcon_core.package_identification:_identify(umi_mono/tests) by extensions ['cmake', 'python']
[0.363s] Level 1:colcon.colcon_core.package_identification:_identify(umi_mono/tests) by extension 'cmake'
[0.363s] Level 1:colcon.colcon_core.package_identification:_identify(umi_mono/tests) by extension 'python'
[0.363s] Level 1:colcon.colcon_core.package_identification:_identify(umi_mono/tests) by extensions ['python_setup_py']
[0.363s] Level 1:colcon.colcon_core.package_identification:_identify(umi_mono/tests) by extension 'python_setup_py'
[0.363s] Level 1:colcon.colcon_core.package_identification:_identify(umi_mono/umi) by extensions ['ignore', 'ignore_ament_install']
[0.363s] Level 1:colcon.colcon_core.package_identification:_identify(umi_mono/umi) by extension 'ignore'
[0.363s] Level 1:colcon.colcon_core.package_identification:_identify(umi_mono/umi) by extension 'ignore_ament_install'
[0.363s] Level 1:colcon.colcon_core.package_identification:_identify(umi_mono/umi) by extensions ['colcon_pkg']
[0.363s] Level 1:colcon.colcon_core.package_identification:_identify(umi_mono/umi) by extension 'colcon_pkg'
[0.363s] Level 1:colcon.colcon_core.package_identification:_identify(umi_mono/umi) by extensions ['colcon_meta']
[0.363s] Level 1:colcon.colcon_core.package_identification:_identify(umi_mono/umi) by extension 'colcon_meta'
[0.363s] Level 1:colcon.colcon_core.package_identification:_identify(umi_mono/umi) by extensions ['ros']
[0.363s] Level 1:colcon.colcon_core.package_identification:_identify(umi_mono/umi) by extension 'ros'
[0.363s] Level 1:colcon.colcon_core.package_identification:_identify(umi_mono/umi) by extensions ['cmake', 'python']
[0.363s] Level 1:colcon.colcon_core.package_identification:_identify(umi_mono/umi) by extension 'cmake'
[0.363s] Level 1:colcon.colcon_core.package_identification:_identify(umi_mono/umi) by extension 'python'
[0.363s] Level 1:colcon.colcon_core.package_identification:_identify(umi_mono/umi) by extensions ['python_setup_py']
[0.363s] Level 1:colcon.colcon_core.package_identification:_identify(umi_mono/umi) by extension 'python_setup_py'
[0.363s] Level 1:colcon.colcon_core.package_identification:_identify(umi_mono/umi/asset) by extensions ['ignore', 'ignore_ament_install']
[0.363s] Level 1:colcon.colcon_core.package_identification:_identify(umi_mono/umi/asset) by extension 'ignore'
[0.363s] Level 1:colcon.colcon_core.package_identification:_identify(umi_mono/umi/asset) by extension 'ignore_ament_install'
[0.363s] Level 1:colcon.colcon_core.package_identification:_identify(umi_mono/umi/asset) by extensions ['colcon_pkg']
[0.363s] Level 1:colcon.colcon_core.package_identification:_identify(umi_mono/umi/asset) by extension 'colcon_pkg'
[0.363s] Level 1:colcon.colcon_core.package_identification:_identify(umi_mono/umi/asset) by extensions ['colcon_meta']
[0.363s] Level 1:colcon.colcon_core.package_identification:_identify(umi_mono/umi/asset) by extension 'colcon_meta'
[0.363s] Level 1:colcon.colcon_core.package_identification:_identify(umi_mono/umi/asset) by extensions ['ros']
[0.363s] Level 1:colcon.colcon_core.package_identification:_identify(umi_mono/umi/asset) by extension 'ros'
[0.363s] Level 1:colcon.colcon_core.package_identification:_identify(umi_mono/umi/asset) by extensions ['cmake', 'python']
[0.363s] Level 1:colcon.colcon_core.package_identification:_identify(umi_mono/umi/asset) by extension 'cmake'
[0.363s] Level 1:colcon.colcon_core.package_identification:_identify(umi_mono/umi/asset) by extension 'python'
[0.363s] Level 1:colcon.colcon_core.package_identification:_identify(umi_mono/umi/asset) by extensions ['python_setup_py']
[0.363s] Level 1:colcon.colcon_core.package_identification:_identify(umi_mono/umi/asset) by extension 'python_setup_py'
[0.364s] Level 1:colcon.colcon_core.package_identification:_identify(umi_mono/umi/common) by extensions ['ignore', 'ignore_ament_install']
[0.364s] Level 1:colcon.colcon_core.package_identification:_identify(umi_mono/umi/common) by extension 'ignore'
[0.364s] Level 1:colcon.colcon_core.package_identification:_identify(umi_mono/umi/common) by extension 'ignore_ament_install'
[0.364s] Level 1:colcon.colcon_core.package_identification:_identify(umi_mono/umi/common) by extensions ['colcon_pkg']
[0.364s] Level 1:colcon.colcon_core.package_identification:_identify(umi_mono/umi/common) by extension 'colcon_pkg'
[0.364s] Level 1:colcon.colcon_core.package_identification:_identify(umi_mono/umi/common) by extensions ['colcon_meta']
[0.364s] Level 1:colcon.colcon_core.package_identification:_identify(umi_mono/umi/common) by extension 'colcon_meta'
[0.364s] Level 1:colcon.colcon_core.package_identification:_identify(umi_mono/umi/common) by extensions ['ros']
[0.364s] Level 1:colcon.colcon_core.package_identification:_identify(umi_mono/umi/common) by extension 'ros'
[0.364s] Level 1:colcon.colcon_core.package_identification:_identify(umi_mono/umi/common) by extensions ['cmake', 'python']
[0.364s] Level 1:colcon.colcon_core.package_identification:_identify(umi_mono/umi/common) by extension 'cmake'
[0.364s] Level 1:colcon.colcon_core.package_identification:_identify(umi_mono/umi/common) by extension 'python'
[0.364s] Level 1:colcon.colcon_core.package_identification:_identify(umi_mono/umi/common) by extensions ['python_setup_py']
[0.364s] Level 1:colcon.colcon_core.package_identification:_identify(umi_mono/umi/common) by extension 'python_setup_py'
[0.364s] Level 1:colcon.colcon_core.package_identification:_identify(umi_mono/umi/common/__pycache__) by extensions ['ignore', 'ignore_ament_install']
[0.364s] Level 1:colcon.colcon_core.package_identification:_identify(umi_mono/umi/common/__pycache__) by extension 'ignore'
[0.364s] Level 1:colcon.colcon_core.package_identification:_identify(umi_mono/umi/common/__pycache__) by extension 'ignore_ament_install'
[0.364s] Level 1:colcon.colcon_core.package_identification:_identify(umi_mono/umi/common/__pycache__) by extensions ['colcon_pkg']
[0.364s] Level 1:colcon.colcon_core.package_identification:_identify(umi_mono/umi/common/__pycache__) by extension 'colcon_pkg'
[0.364s] Level 1:colcon.colcon_core.package_identification:_identify(umi_mono/umi/common/__pycache__) by extensions ['colcon_meta']
[0.364s] Level 1:colcon.colcon_core.package_identification:_identify(umi_mono/umi/common/__pycache__) by extension 'colcon_meta'
[0.364s] Level 1:colcon.colcon_core.package_identification:_identify(umi_mono/umi/common/__pycache__) by extensions ['ros']
[0.364s] Level 1:colcon.colcon_core.package_identification:_identify(umi_mono/umi/common/__pycache__) by extension 'ros'
[0.364s] Level 1:colcon.colcon_core.package_identification:_identify(umi_mono/umi/common/__pycache__) by extensions ['cmake', 'python']
[0.364s] Level 1:colcon.colcon_core.package_identification:_identify(umi_mono/umi/common/__pycache__) by extension 'cmake'
[0.364s] Level 1:colcon.colcon_core.package_identification:_identify(umi_mono/umi/common/__pycache__) by extension 'python'
[0.364s] Level 1:colcon.colcon_core.package_identification:_identify(umi_mono/umi/common/__pycache__) by extensions ['python_setup_py']
[0.364s] Level 1:colcon.colcon_core.package_identification:_identify(umi_mono/umi/common/__pycache__) by extension 'python_setup_py'
[0.364s] Level 1:colcon.colcon_core.package_identification:_identify(umi_mono/umi/pipeline) by extensions ['ignore', 'ignore_ament_install']
[0.364s] Level 1:colcon.colcon_core.package_identification:_identify(umi_mono/umi/pipeline) by extension 'ignore'
[0.364s] Level 1:colcon.colcon_core.package_identification:_identify(umi_mono/umi/pipeline) by extension 'ignore_ament_install'
[0.364s] Level 1:colcon.colcon_core.package_identification:_identify(umi_mono/umi/pipeline) by extensions ['colcon_pkg']
[0.364s] Level 1:colcon.colcon_core.package_identification:_identify(umi_mono/umi/pipeline) by extension 'colcon_pkg'
[0.364s] Level 1:colcon.colcon_core.package_identification:_identify(umi_mono/umi/pipeline) by extensions ['colcon_meta']
[0.364s] Level 1:colcon.colcon_core.package_identification:_identify(umi_mono/umi/pipeline) by extension 'colcon_meta'
[0.364s] Level 1:colcon.colcon_core.package_identification:_identify(umi_mono/umi/pipeline) by extensions ['ros']
[0.364s] Level 1:colcon.colcon_core.package_identification:_identify(umi_mono/umi/pipeline) by extension 'ros'
[0.364s] Level 1:colcon.colcon_core.package_identification:_identify(umi_mono/umi/pipeline) by extensions ['cmake', 'python']
[0.364s] Level 1:colcon.colcon_core.package_identification:_identify(umi_mono/umi/pipeline) by extension 'cmake'
[0.364s] Level 1:colcon.colcon_core.package_identification:_identify(umi_mono/umi/pipeline) by extension 'python'
[0.364s] Level 1:colcon.colcon_core.package_identification:_identify(umi_mono/umi/pipeline) by extensions ['python_setup_py']
[0.365s] Level 1:colcon.colcon_core.package_identification:_identify(umi_mono/umi/pipeline) by extension 'python_setup_py'
[0.365s] Level 1:colcon.colcon_core.package_identification:_identify(umi_mono/umi/real_world) by extensions ['ignore', 'ignore_ament_install']
[0.365s] Level 1:colcon.colcon_core.package_identification:_identify(umi_mono/umi/real_world) by extension 'ignore'
[0.365s] Level 1:colcon.colcon_core.package_identification:_identify(umi_mono/umi/real_world) by extension 'ignore_ament_install'
[0.365s] Level 1:colcon.colcon_core.package_identification:_identify(umi_mono/umi/real_world) by extensions ['colcon_pkg']
[0.365s] Level 1:colcon.colcon_core.package_identification:_identify(umi_mono/umi/real_world) by extension 'colcon_pkg'
[0.365s] Level 1:colcon.colcon_core.package_identification:_identify(umi_mono/umi/real_world) by extensions ['colcon_meta']
[0.365s] Level 1:colcon.colcon_core.package_identification:_identify(umi_mono/umi/real_world) by extension 'colcon_meta'
[0.365s] Level 1:colcon.colcon_core.package_identification:_identify(umi_mono/umi/real_world) by extensions ['ros']
[0.365s] Level 1:colcon.colcon_core.package_identification:_identify(umi_mono/umi/real_world) by extension 'ros'
[0.365s] Level 1:colcon.colcon_core.package_identification:_identify(umi_mono/umi/real_world) by extensions ['cmake', 'python']
[0.365s] Level 1:colcon.colcon_core.package_identification:_identify(umi_mono/umi/real_world) by extension 'cmake'
[0.365s] Level 1:colcon.colcon_core.package_identification:_identify(umi_mono/umi/real_world) by extension 'python'
[0.365s] Level 1:colcon.colcon_core.package_identification:_identify(umi_mono/umi/real_world) by extensions ['python_setup_py']
[0.365s] Level 1:colcon.colcon_core.package_identification:_identify(umi_mono/umi/real_world) by extension 'python_setup_py'
[0.365s] Level 1:colcon.colcon_core.package_identification:_identify(umi_mono/umi/shared_memory) by extensions ['ignore', 'ignore_ament_install']
[0.365s] Level 1:colcon.colcon_core.package_identification:_identify(umi_mono/umi/shared_memory) by extension 'ignore'
[0.365s] Level 1:colcon.colcon_core.package_identification:_identify(umi_mono/umi/shared_memory) by extension 'ignore_ament_install'
[0.365s] Level 1:colcon.colcon_core.package_identification:_identify(umi_mono/umi/shared_memory) by extensions ['colcon_pkg']
[0.365s] Level 1:colcon.colcon_core.package_identification:_identify(umi_mono/umi/shared_memory) by extension 'colcon_pkg'
[0.365s] Level 1:colcon.colcon_core.package_identification:_identify(umi_mono/umi/shared_memory) by extensions ['colcon_meta']
[0.365s] Level 1:colcon.colcon_core.package_identification:_identify(umi_mono/umi/shared_memory) by extension 'colcon_meta'
[0.365s] Level 1:colcon.colcon_core.package_identification:_identify(umi_mono/umi/shared_memory) by extensions ['ros']
[0.365s] Level 1:colcon.colcon_core.package_identification:_identify(umi_mono/umi/shared_memory) by extension 'ros'
[0.365s] Level 1:colcon.colcon_core.package_identification:_identify(umi_mono/umi/shared_memory) by extensions ['cmake', 'python']
[0.365s] Level 1:colcon.colcon_core.package_identification:_identify(umi_mono/umi/shared_memory) by extension 'cmake'
[0.365s] Level 1:colcon.colcon_core.package_identification:_identify(umi_mono/umi/shared_memory) by extension 'python'
[0.365s] Level 1:colcon.colcon_core.package_identification:_identify(umi_mono/umi/shared_memory) by extensions ['python_setup_py']
[0.365s] Level 1:colcon.colcon_core.package_identification:_identify(umi_mono/umi/shared_memory) by extension 'python_setup_py'
[0.365s] Level 1:colcon.colcon_core.package_identification:_identify(umi_mono/umi/traj_eval) by extensions ['ignore', 'ignore_ament_install']
[0.365s] Level 1:colcon.colcon_core.package_identification:_identify(umi_mono/umi/traj_eval) by extension 'ignore'
[0.365s] Level 1:colcon.colcon_core.package_identification:_identify(umi_mono/umi/traj_eval) by extension 'ignore_ament_install'
[0.365s] Level 1:colcon.colcon_core.package_identification:_identify(umi_mono/umi/traj_eval) by extensions ['colcon_pkg']
[0.365s] Level 1:colcon.colcon_core.package_identification:_identify(umi_mono/umi/traj_eval) by extension 'colcon_pkg'
[0.365s] Level 1:colcon.colcon_core.package_identification:_identify(umi_mono/umi/traj_eval) by extensions ['colcon_meta']
[0.365s] Level 1:colcon.colcon_core.package_identification:_identify(umi_mono/umi/traj_eval) by extension 'colcon_meta'
[0.365s] Level 1:colcon.colcon_core.package_identification:_identify(umi_mono/umi/traj_eval) by extensions ['ros']
[0.365s] Level 1:colcon.colcon_core.package_identification:_identify(umi_mono/umi/traj_eval) by extension 'ros'
[0.365s] Level 1:colcon.colcon_core.package_identification:_identify(umi_mono/umi/traj_eval) by extensions ['cmake', 'python']
[0.365s] Level 1:colcon.colcon_core.package_identification:_identify(umi_mono/umi/traj_eval) by extension 'cmake'
[0.365s] Level 1:colcon.colcon_core.package_identification:_identify(umi_mono/umi/traj_eval) by extension 'python'
[0.365s] Level 1:colcon.colcon_core.package_identification:_identify(umi_mono/umi/traj_eval) by extensions ['python_setup_py']
[0.366s] Level 1:colcon.colcon_core.package_identification:_identify(umi_mono/umi/traj_eval) by extension 'python_setup_py'
[0.366s] Level 1:colcon.colcon_core.package_discovery:discover_packages(recursive) using defaults
[0.366s] Level 1:colcon.colcon_core.package_discovery:discover_packages(ignore) discover
[0.366s] Level 1:colcon.colcon_core.package_discovery:discover_packages(ignore) using defaults
[0.366s] Level 1:colcon.colcon_core.package_discovery:discover_packages(path) discover
[0.366s] Level 1:colcon.colcon_core.package_discovery:discover_packages(path) using defaults
[0.382s] INFO:colcon.colcon_core.package_selection:Skipping not selected package 'ORB_SLAM3' in 'umi_mono/external/ORB_SLAM3_fork'
[0.382s] INFO:colcon.colcon_core.package_selection:Skipping not selected package 'cppzmq' in 'umi_mono/external/cppzmq'
[0.382s] INFO:colcon.colcon_core.package_selection:Skipping not selected package 'jaka_description' in 'robot_manipulation/JAKA_control/jaka_ros2/src/jaka_description'
[0.382s] INFO:colcon.colcon_core.package_selection:Skipping not selected package 'jaka_msgs' in 'robot_manipulation/JAKA_control/jaka_ros2/src/jaka_msgs'
[0.382s] INFO:colcon.colcon_core.package_selection:Skipping not selected package 'orca_hand_ros' in 'robot_manipulation/orca_control/orca_hand_ros'
[0.382s] INFO:colcon.colcon_core.package_selection:Skipping not selected package 'pangolin' in 'umi_mono/external/Pangolin'
[0.382s] INFO:colcon.colcon_core.package_selection:Skipping not selected package 'sophus' in 'umi_mono/external/Sophus'
[0.382s] INFO:colcon.colcon_core.package_selection:Skipping not selected package 'jaka_a12_moveit_config' in 'robot_manipulation/JAKA_control/jaka_ros2/src/jaka_a12_moveit_config'
[0.382s] INFO:colcon.colcon_core.package_selection:Skipping not selected package 'jaka_a5_moveit_config' in 'robot_manipulation/JAKA_control/jaka_ros2/src/jaka_a5_moveit_config'
[0.382s] INFO:colcon.colcon_core.package_selection:Skipping not selected package 'jaka_c12_moveit_config' in 'robot_manipulation/JAKA_control/jaka_ros2/src/jaka_c12_moveit_config'
[0.382s] INFO:colcon.colcon_core.package_selection:Skipping not selected package 'jaka_c5_moveit_config' in 'robot_manipulation/JAKA_control/jaka_ros2/src/jaka_c5_moveit_config'
[0.382s] INFO:colcon.colcon_core.package_selection:Skipping not selected package 'jaka_c7_moveit_config' in 'robot_manipulation/JAKA_control/jaka_ros2/src/jaka_c7_moveit_config'
[0.382s] INFO:colcon.colcon_core.package_selection:Skipping not selected package 'jaka_driver' in 'robot_manipulation/JAKA_control/jaka_ros2/src/jaka_driver'
[0.383s] INFO:colcon.colcon_core.package_selection:Skipping not selected package 'jaka_minicobo_moveit_config' in 'robot_manipulation/JAKA_control/jaka_ros2/src/jaka_minicobo_moveit_config'
[0.383s] INFO:colcon.colcon_core.package_selection:Skipping not selected package 'jaka_planner' in 'robot_manipulation/JAKA_control/jaka_ros2/src/jaka_planner'
[0.383s] INFO:colcon.colcon_core.package_selection:Skipping not selected package 'jaka_pro12_moveit_config' in 'robot_manipulation/JAKA_control/jaka_ros2/src/jaka_pro12_moveit_config'
[0.383s] INFO:colcon.colcon_core.package_selection:Skipping not selected package 'jaka_pro16_moveit_config' in 'robot_manipulation/JAKA_control/jaka_ros2/src/jaka_pro16_moveit_config'
[0.383s] INFO:colcon.colcon_core.package_selection:Skipping not selected package 'jaka_pro18_moveit_config' in 'robot_manipulation/JAKA_control/jaka_ros2/src/jaka_pro18_moveit_config'
[0.383s] INFO:colcon.colcon_core.package_selection:Skipping not selected package 'jaka_pro5_moveit_config' in 'robot_manipulation/JAKA_control/jaka_ros2/src/jaka_pro5_moveit_config'
[0.383s] INFO:colcon.colcon_core.package_selection:Skipping not selected package 'jaka_pro7_moveit_config' in 'robot_manipulation/JAKA_control/jaka_ros2/src/jaka_pro7_moveit_config'
[0.383s] INFO:colcon.colcon_core.package_selection:Skipping not selected package 'jaka_s12_moveit_config' in 'robot_manipulation/JAKA_control/jaka_ros2/src/jaka_s12_moveit_config'
[0.383s] INFO:colcon.colcon_core.package_selection:Skipping not selected package 'jaka_s5_moveit_config' in 'robot_manipulation/JAKA_control/jaka_ros2/src/jaka_s5_moveit_config'
[0.383s] INFO:colcon.colcon_core.package_selection:Skipping not selected package 'jaka_s7_moveit_config' in 'robot_manipulation/JAKA_control/jaka_ros2/src/jaka_s7_moveit_config'
[0.383s] INFO:colcon.colcon_core.package_selection:Skipping not selected package 'jaka_zu12_moveit_config' in 'robot_manipulation/JAKA_control/jaka_ros2/src/jaka_zu12_moveit_config'
[0.383s] INFO:colcon.colcon_core.package_selection:Skipping not selected package 'jaka_zu18_moveit_config' in 'robot_manipulation/JAKA_control/jaka_ros2/src/jaka_zu18_moveit_config'
[0.383s] INFO:colcon.colcon_core.package_selection:Skipping not selected package 'jaka_zu20_moveit_config' in 'robot_manipulation/JAKA_control/jaka_ros2/src/jaka_zu20_moveit_config'
[0.383s] INFO:colcon.colcon_core.package_selection:Skipping not selected package 'jaka_zu30_moveit_config' in 'robot_manipulation/JAKA_control/jaka_ros2/src/jaka_zu30_moveit_config'
[0.383s] INFO:colcon.colcon_core.package_selection:Skipping not selected package 'jaka_zu3_moveit_config' in 'robot_manipulation/JAKA_control/jaka_ros2/src/jaka_zu3_moveit_config'
[0.383s] INFO:colcon.colcon_core.package_selection:Skipping not selected package 'jaka_zu5_moveit_config' in 'robot_manipulation/JAKA_control/jaka_ros2/src/jaka_zu5_moveit_config'
[0.383s] INFO:colcon.colcon_core.package_selection:Skipping not selected package 'jaka_zu7_moveit_config' in 'robot_manipulation/JAKA_control/jaka_ros2/src/jaka_zu7_moveit_config'
[0.383s] Level 1:colcon.colcon_core.package_discovery:discover_packages(prefix_path) check parameters
[0.383s] Level 1:colcon.colcon_core.package_discovery:discover_packages(prefix_path) discover
[0.384s] DEBUG:colcon.colcon_installed_package_information.package_discovery:Found 1 installed packages in /home/jzq/MyJob/DexSlide/robot_manipulation/orca_control/orca_hand_ros/install
[0.385s] DEBUG:colcon.colcon_installed_package_information.package_discovery:Found 25 installed packages in /home/jzq/MyJob/DexSlide/robot_manipulation/JAKA_control/jaka_ros2/install
[0.385s] DEBUG:colcon.colcon_installed_package_information.package_discovery:Found 1 installed packages in /home/jzq/MyJob/DexSlide/robot_manipulation/install
[0.386s] DEBUG:colcon.colcon_installed_package_information.package_discovery:Found 302 installed packages in /opt/ros/jazzy
[0.386s] Level 1:colcon.colcon_core.package_discovery:discover_packages(prefix_path) using defaults
[0.411s] Level 5:colcon.colcon_core.verb:set package 'dexslide_slam_publisher' build argument 'cmake_args' from command line to 'None'
[0.411s] Level 5:colcon.colcon_core.verb:set package 'dexslide_slam_publisher' build argument 'cmake_target' from command line to 'None'
[0.411s] Level 5:colcon.colcon_core.verb:set package 'dexslide_slam_publisher' build argument 'cmake_target_skip_unavailable' from command line to 'False'
[0.411s] Level 5:colcon.colcon_core.verb:set package 'dexslide_slam_publisher' build argument 'cmake_clean_cache' from command line to 'False'
[0.411s] Level 5:colcon.colcon_core.verb:set package 'dexslide_slam_publisher' build argument 'cmake_clean_first' from command line to 'False'
[0.411s] Level 5:colcon.colcon_core.verb:set package 'dexslide_slam_publisher' build argument 'cmake_force_configure' from command line to 'False'
[0.411s] Level 5:colcon.colcon_core.verb:set package 'dexslide_slam_publisher' build argument 'ament_cmake_args' from command line to 'None'
[0.411s] Level 5:colcon.colcon_core.verb:set package 'dexslide_slam_publisher' build argument 'catkin_cmake_args' from command line to 'None'
[0.412s] Level 5:colcon.colcon_core.verb:set package 'dexslide_slam_publisher' build argument 'catkin_skip_building_tests' from command line to 'False'
[0.412s] DEBUG:colcon.colcon_core.verb:Building package 'dexslide_slam_publisher' with the following arguments: {'ament_cmake_args': None, 'build_base': '/home/jzq/MyJob/DexSlide/build/dexslide_slam_publisher', 'catkin_cmake_args': None, 'catkin_skip_building_tests': False, 'cmake_args': None, 'cmake_clean_cache': False, 'cmake_clean_first': False, 'cmake_force_configure': False, 'cmake_target': None, 'cmake_target_skip_unavailable': False, 'install_base': '/home/jzq/MyJob/DexSlide/install/dexslide_slam_publisher', 'merge_install': False, 'path': '/home/jzq/MyJob/DexSlide/umi_mono/ros2_ws/dexslide_slam_publisher', 'symlink_install': False, 'test_result_base': None}
[0.412s] INFO:colcon.colcon_core.executor:Executing jobs using 'parallel' executor
[0.412s] DEBUG:colcon.colcon_parallel_executor.executor.parallel:run_until_complete
[0.413s] INFO:colcon.colcon_ros.task.ament_cmake.build:Building ROS package in '/home/jzq/MyJob/DexSlide/umi_mono/ros2_ws/dexslide_slam_publisher' with build type 'ament_cmake'
[0.413s] INFO:colcon.colcon_cmake.task.cmake.build:Building CMake package in '/home/jzq/MyJob/DexSlide/umi_mono/ros2_ws/dexslide_slam_publisher'
[0.414s] INFO:colcon.colcon_core.plugin_system:Skipping extension 'colcon_core.shell.bat': Not used on non-Windows systems
[0.414s] INFO:colcon.colcon_core.shell:Skip shell extension 'powershell' for command environment: Not usable outside of PowerShell
[0.414s] DEBUG:colcon.colcon_core.shell:Skip shell extension 'dsv' for command environment
[0.423s] DEBUG:colcon.colcon_core.event_handler.log_command:Invoking command in '/home/jzq/MyJob/DexSlide/build/dexslide_slam_publisher': CMAKE_PREFIX_PATH=${CMAKE_PREFIX_PATH}:/home/jzq/MyJob/DexSlide/robot_manipulation/orca_control/orca_hand_ros/install/orca_hand_ros:/opt/ros/jazzy CONDA_PROMPT_MODIFIER=(dexslide) DEBUGINFOD_URLS=https://debuginfod.ubuntu.com /usr/bin/cmake --build /home/jzq/MyJob/DexSlide/build/dexslide_slam_publisher -- -j16 -l16
[15.227s] DEBUG:colcon.colcon_core.event_handler.log_command:Invoked command in '/home/jzq/MyJob/DexSlide/build/dexslide_slam_publisher' returned '0': CMAKE_PREFIX_PATH=${CMAKE_PREFIX_PATH}:/home/jzq/MyJob/DexSlide/robot_manipulation/orca_control/orca_hand_ros/install/orca_hand_ros:/opt/ros/jazzy CONDA_PROMPT_MODIFIER=(dexslide) DEBUGINFOD_URLS=https://debuginfod.ubuntu.com /usr/bin/cmake --build /home/jzq/MyJob/DexSlide/build/dexslide_slam_publisher -- -j16 -l16
[15.245s] DEBUG:colcon.colcon_core.event_handler.log_command:Invoking command in '/home/jzq/MyJob/DexSlide/build/dexslide_slam_publisher': CMAKE_PREFIX_PATH=${CMAKE_PREFIX_PATH}:/home/jzq/MyJob/DexSlide/robot_manipulation/orca_control/orca_hand_ros/install/orca_hand_ros:/opt/ros/jazzy CONDA_PROMPT_MODIFIER=(dexslide) DEBUGINFOD_URLS=https://debuginfod.ubuntu.com /usr/bin/cmake --install /home/jzq/MyJob/DexSlide/build/dexslide_slam_publisher
[15.266s] DEBUG:colcon.colcon_core.event_handler.log_command:Invoked command in '/home/jzq/MyJob/DexSlide/build/dexslide_slam_publisher' returned '1': CMAKE_PREFIX_PATH=${CMAKE_PREFIX_PATH}:/home/jzq/MyJob/DexSlide/robot_manipulation/orca_control/orca_hand_ros/install/orca_hand_ros:/opt/ros/jazzy CONDA_PROMPT_MODIFIER=(dexslide) DEBUGINFOD_URLS=https://debuginfod.ubuntu.com /usr/bin/cmake --install /home/jzq/MyJob/DexSlide/build/dexslide_slam_publisher
[15.266s] Level 1:colcon.colcon_core.environment:create_environment_scripts_only(dexslide_slam_publisher)
[15.268s] Level 1:colcon.colcon_core.environment:checking '/home/jzq/MyJob/DexSlide/install/dexslide_slam_publisher' for CMake module files
[15.268s] Level 1:colcon.colcon_core.environment:checking '/home/jzq/MyJob/DexSlide/install/dexslide_slam_publisher' for CMake config files
[15.269s] Level 1:colcon.colcon_core.environment:checking '/home/jzq/MyJob/DexSlide/install/dexslide_slam_publisher/lib'
[15.269s] Level 1:colcon.colcon_core.environment:checking '/home/jzq/MyJob/DexSlide/install/dexslide_slam_publisher/bin'
[15.269s] Level 1:colcon.colcon_core.environment:checking '/home/jzq/MyJob/DexSlide/install/dexslide_slam_publisher/lib/pkgconfig/dexslide_slam_publisher.pc'
[15.269s] Level 1:colcon.colcon_core.environment:checking '/home/jzq/MyJob/DexSlide/install/dexslide_slam_publisher/lib/python3.12/site-packages'
[15.270s] Level 1:colcon.colcon_core.environment:checking '/home/jzq/MyJob/DexSlide/install/dexslide_slam_publisher/bin'
[15.270s] INFO:colcon.colcon_core.shell:Creating package script '/home/jzq/MyJob/DexSlide/install/dexslide_slam_publisher/share/dexslide_slam_publisher/package.ps1'
[15.271s] INFO:colcon.colcon_core.shell:Creating package descriptor '/home/jzq/MyJob/DexSlide/install/dexslide_slam_publisher/share/dexslide_slam_publisher/package.dsv'
[15.271s] INFO:colcon.colcon_core.shell:Creating package script '/home/jzq/MyJob/DexSlide/install/dexslide_slam_publisher/share/dexslide_slam_publisher/package.sh'
[15.272s] INFO:colcon.colcon_core.shell:Creating package script '/home/jzq/MyJob/DexSlide/install/dexslide_slam_publisher/share/dexslide_slam_publisher/package.bash'
[15.273s] INFO:colcon.colcon_core.shell:Creating package script '/home/jzq/MyJob/DexSlide/install/dexslide_slam_publisher/share/dexslide_slam_publisher/package.zsh'
[15.273s] Level 1:colcon.colcon_core.environment:create_file_with_runtime_dependencies(/home/jzq/MyJob/DexSlide/install/dexslide_slam_publisher/share/colcon-core/packages/dexslide_slam_publisher)
[15.284s] DEBUG:colcon.colcon_parallel_executor.executor.parallel:closing loop
[15.284s] DEBUG:colcon.colcon_parallel_executor.executor.parallel:loop closed
[15.284s] DEBUG:colcon.colcon_parallel_executor.executor.parallel:run_until_complete finished with '1'
[15.284s] DEBUG:colcon.colcon_core.event_reactor:joining thread
[15.308s] INFO:colcon.colcon_core.plugin_system:Skipping extension 'colcon_notification.desktop_notification.terminal_notifier': Not used on non-Darwin systems
[15.308s] INFO:colcon.colcon_core.plugin_system:Skipping extension 'colcon_notification.desktop_notification.win32': Not used on non-Windows systems
[15.308s] INFO:colcon.colcon_notification.desktop_notification:Sending desktop notification using 'notify2'
[15.336s] DEBUG:colcon.colcon_core.event_reactor:joined thread
[15.337s] INFO:colcon.colcon_core.shell:Creating prefix script '/home/jzq/MyJob/DexSlide/install/local_setup.ps1'
[15.337s] INFO:colcon.colcon_core.shell:Creating prefix util module '/home/jzq/MyJob/DexSlide/install/_local_setup_util_ps1.py'
[15.338s] INFO:colcon.colcon_core.shell:Creating prefix chain script '/home/jzq/MyJob/DexSlide/install/setup.ps1'
[15.339s] INFO:colcon.colcon_core.shell:Creating prefix script '/home/jzq/MyJob/DexSlide/install/local_setup.sh'
[15.339s] INFO:colcon.colcon_core.shell:Creating prefix util module '/home/jzq/MyJob/DexSlide/install/_local_setup_util_sh.py'
[15.340s] INFO:colcon.colcon_core.shell:Creating prefix chain script '/home/jzq/MyJob/DexSlide/install/setup.sh'
[15.341s] INFO:colcon.colcon_core.shell:Creating prefix script '/home/jzq/MyJob/DexSlide/install/local_setup.bash'
[15.341s] INFO:colcon.colcon_core.shell:Creating prefix chain script '/home/jzq/MyJob/DexSlide/install/setup.bash'
[15.342s] INFO:colcon.colcon_core.shell:Creating prefix script '/home/jzq/MyJob/DexSlide/install/local_setup.zsh'
[15.342s] INFO:colcon.colcon_core.shell:Creating prefix chain script '/home/jzq/MyJob/DexSlide/install/setup.zsh'
